decade,x_center,y_center,attempts,makes,points,fg_pct,pps
1990s,-250,-50,0,0,0,,
1990s,-230,-50,15,11,33,0.7333,2.2000
1990s,-210,-50,11,8,16,0.7273,1.4545
1990s,-190,-50,17,9,18,0.5294,1.0588
1990s,-170,-50,6,6,12,1.0000,2.0000
1990s,-150,-50,20,16,32,0.8000,1.6000
1990s,-130,-50,3,1,2,0.3333,0.6667
1990s,-110,-50,7,4,8,0.5714,1.1429
1990s,-90,-50,1,1,2,1.0000,2.0000
1990s,-70,-50,3,3,6,1.0000,2.0000
1990s,-50,-50,2,0,0,0.0000,0.0000
1990s,-30,-50,0,0,0,,
1990s,-10,-50,1,0,0,0.0000,0.0000
1990s,10,-50,2,0,0,0.0000,0.0000
1990s,30,-50,1,0,0,0.0000,0.0000
1990s,50,-50,0,0,0,,
1990s,70,-50,3,2,4,0.6667,1.3333
1990s,90,-50,9,6,12,0.6667,1.3333
1990s,110,-50,11,7,14,0.6364,1.2727
1990s,130,-50,8,3,6,0.3750,0.7500
1990s,150,-50,9,7,14,0.7778,1.5556
1990s,170,-50,9,5,10,0.5556,1.1111
1990s,190,-50,11,9,18,0.8182,1.6364
1990s,210,-50,15,15,30,1.0000,2.0000
1990s,230,-50,9,6,18,0.6667,2.0000
1990s,250,-50,0,0,0,,
1990s,-250,-30,45,16,48,0.3556,1.0667
1990s,-230,-30,465,186,558,0.4000,1.2000
1990s,-210,-30,145,77,156,0.5310,1.0759
1990s,-190,-30,481,231,462,0.4802,0.9605
1990s,-170,-30,524,241,482,0.4599,0.9198
1990s,-150,-30,531,238,476,0.4482,0.8964
1990s,-130,-30,394,182,364,0.4619,0.9239
1990s,-110,-30,375,182,364,0.4853,0.9707
1990s,-90,-30,222,90,180,0.4054,0.8108
1990s,-70,-30,116,52,104,0.4483,0.8966
1990s,-50,-30,25,4,8,0.1600,0.3200
1990s,-30,-30,9,4,8,0.4444,0.8889
1990s,-10,-30,0,0,0,,
1990s,10,-30,6,4,8,0.6667,1.3333
1990s,30,-30,5,2,4,0.4000,0.8000
1990s,50,-30,13,6,12,0.4615,0.9231
1990s,70,-30,53,26,52,0.4906,0.9811
1990s,90,-30,94,48,96,0.5106,1.0213
1990s,110,-30,172,85,170,0.4942,0.9884
1990s,130,-30,260,132,264,0.5077,1.0154
1990s,150,-30,322,163,326,0.5062,1.0124
1990s,170,-30,399,177,354,0.4436,0.8872
1990s,190,-30,378,192,384,0.5079,1.0159
1990s,210,-30,120,64,128,0.5333,1.0667
1990s,230,-30,391,178,534,0.4552,1.3657
1990s,250,-30,34,16,48,0.4706,1.4118
1990s,-250,-10,136,49,147,0.3603,1.0809
1990s,-230,-10,1832,732,2193,0.3996,1.1971
1990s,-210,-10,503,226,469,0.4493,0.9324
1990s,-190,-10,1443,593,1187,0.4109,0.8226
1990s,-170,-10,2402,1010,2020,0.4205,0.8410
1990s,-150,-10,2649,981,1962,0.3703,0.7407
1990s,-130,-10,2111,829,1658,0.3927,0.7854
1990s,-110,-10,2132,829,1658,0.3888,0.7777
1990s,-90,-10,1442,583,1166,0.4043,0.8086
1990s,-70,-10,750,296,592,0.3947,0.7893
1990s,-50,-10,408,122,244,0.2990,0.5980
1990s,-30,-10,312,110,220,0.3526,0.7051
1990s,-10,-10,1753,1181,2362,0.6737,1.3474
1990s,10,-10,1543,1143,2286,0.7408,1.4815
1990s,30,-10,295,107,214,0.3627,0.7254
1990s,50,-10,286,91,182,0.3182,0.6364
1990s,70,-10,658,250,500,0.3799,0.7599
1990s,90,-10,886,344,688,0.3883,0.7765
1990s,110,-10,1269,471,942,0.3712,0.7423
1990s,130,-10,1553,603,1206,0.3883,0.7766
1990s,150,-10,2009,761,1522,0.3788,0.7576
1990s,170,-10,2015,770,1540,0.3821,0.7643
1990s,190,-10,1158,473,946,0.4085,0.8169
1990s,210,-10,372,166,332,0.4462,0.8925
1990s,230,-10,1772,663,1988,0.3742,1.1219
1990s,250,-10,127,52,155,0.4094,1.2205
1990s,-250,10,123,36,108,0.2927,0.8780
1990s,-230,10,1771,704,2112,0.3975,1.1925
1990s,-210,10,463,197,415,0.4255,0.8963
1990s,-190,10,1526,666,1332,0.4364,0.8729
1990s,-170,10,2555,1043,2086,0.4082,0.8164
1990s,-150,10,3417,1344,2688,0.3933,0.7867
1990s,-130,10,2637,986,1972,0.3739,0.7478
1990s,-110,10,2619,971,1942,0.3708,0.7415
1990s,-90,10,2310,842,1684,0.3645,0.7290
1990s,-70,10,1985,729,1458,0.3673,0.7345
1990s,-50,10,1739,555,1110,0.3191,0.6383
1990s,-30,10,2550,923,1846,0.3620,0.7239
1990s,-10,10,4738,2941,5882,0.6207,1.2415
1990s,10,10,148667,87614,175263,0.5893,1.1789
1990s,30,10,2116,816,1632,0.3856,0.7713
1990s,50,10,1886,645,1290,0.3420,0.6840
1990s,70,10,2276,844,1688,0.3708,0.7417
1990s,90,10,2242,838,1676,0.3738,0.7475
1990s,110,10,2292,816,1632,0.3560,0.7120
1990s,130,10,2470,919,1838,0.3721,0.7441
1990s,150,10,3173,1223,2446,0.3854,0.7709
1990s,170,10,2485,973,1946,0.3915,0.7831
1990s,190,10,1171,500,1000,0.4270,0.8540
1990s,210,10,393,188,378,0.4784,0.9618
1990s,230,10,1836,680,2039,0.3704,1.1106
1990s,250,10,109,37,111,0.3394,1.0183
1990s,-250,30,56,15,45,0.2679,0.8036
1990s,-230,30,1053,409,1227,0.3884,1.1652
1990s,-210,30,269,112,236,0.4164,0.8773
1990s,-190,30,732,289,578,0.3948,0.7896
1990s,-170,30,1375,497,994,0.3615,0.7229
1990s,-150,30,1725,619,1238,0.3588,0.7177
1990s,-130,30,1383,468,936,0.3384,0.6768
1990s,-110,30,1425,473,946,0.3319,0.6639
1990s,-90,30,1603,571,1142,0.3562,0.7124
1990s,-70,30,1791,683,1366,0.3814,0.7627
1990s,-50,30,2035,717,1434,0.3523,0.7047
1990s,-30,30,2506,856,1712,0.3416,0.6832
1990s,-10,30,2811,1169,2338,0.4159,0.8317
1990s,10,30,2938,1186,2372,0.4037,0.8074
1990s,30,30,1994,682,1364,0.3420,0.6841
1990s,50,30,2011,703,1406,0.3496,0.6992
1990s,70,30,1734,642,1284,0.3702,0.7405
1990s,90,30,1355,512,1024,0.3779,0.7557
1990s,110,30,1339,472,944,0.3525,0.7050
1990s,130,30,1441,501,1002,0.3477,0.6954
1990s,150,30,1572,582,1164,0.3702,0.7405
1990s,170,30,1367,515,1030,0.3767,0.7535
1990s,190,30,662,268,536,0.4048,0.8097
1990s,210,30,216,85,172,0.3935,0.7963
1990s,230,30,1113,430,1290,0.3863,1.1590
1990s,250,30,44,18,54,0.4091,1.2273
1990s,-250,50,45,8,24,0.1778,0.5333
1990s,-230,50,1047,388,1163,0.3706,1.1108
1990s,-210,50,233,100,216,0.4292,0.9270
1990s,-190,50,673,246,492,0.3655,0.7311
1990s,-170,50,1148,409,818,0.3563,0.7125
1990s,-150,50,1511,557,1114,0.3686,0.7373
1990s,-130,50,1216,442,884,0.3635,0.7270
1990s,-110,50,1276,428,856,0.3354,0.6708
1990s,-90,50,1334,490,980,0.3673,0.7346
1990s,-70,50,1585,603,1206,0.3804,0.7609
1990s,-50,50,1879,694,1388,0.3693,0.7387
1990s,-30,50,2463,935,1870,0.3796,0.7592
1990s,-10,50,4517,2047,4094,0.4532,0.9064
1990s,10,50,4394,1858,3716,0.4228,0.8457
1990s,30,50,1792,701,1402,0.3912,0.7824
1990s,50,50,1748,626,1252,0.3581,0.7162
1990s,70,50,1283,476,952,0.3710,0.7420
1990s,90,50,1050,378,756,0.3600,0.7200
1990s,110,50,1202,401,802,0.3336,0.6672
1990s,130,50,1231,425,850,0.3452,0.6905
1990s,150,50,1377,549,1098,0.3987,0.7974
1990s,170,50,1063,388,776,0.3650,0.7300
1990s,190,50,550,232,464,0.4218,0.8436
1990s,210,50,272,113,265,0.4154,0.9743
1990s,230,50,1033,384,1152,0.3717,1.1152
1990s,250,50,28,6,18,0.2143,0.6429
1990s,-250,70,24,5,15,0.2083,0.6250
1990s,-230,70,872,314,942,0.3601,1.0803
1990s,-210,70,358,156,387,0.4358,1.0810
1990s,-190,70,594,264,528,0.4444,0.8889
1990s,-170,70,1091,464,928,0.4253,0.8506
1990s,-150,70,1355,494,988,0.3646,0.7292
1990s,-130,70,1086,393,786,0.3619,0.7238
1990s,-110,70,860,290,580,0.3372,0.6744
1990s,-90,70,772,283,566,0.3666,0.7332
1990s,-70,70,769,286,572,0.3719,0.7438
1990s,-50,70,1083,376,752,0.3472,0.6944
1990s,-30,70,1201,464,928,0.3863,0.7727
1990s,-10,70,2649,1205,2410,0.4549,0.9098
1990s,10,70,2640,1095,2190,0.4148,0.8295
1990s,30,70,976,349,698,0.3576,0.7152
1990s,50,70,1067,402,804,0.3768,0.7535
1990s,70,70,744,252,504,0.3387,0.6774
1990s,90,70,643,223,446,0.3468,0.6936
1990s,110,70,840,286,572,0.3405,0.6810
1990s,130,70,1077,387,774,0.3593,0.7187
1990s,150,70,1229,495,990,0.4028,0.8055
1990s,170,70,954,387,774,0.4057,0.8113
1990s,190,70,455,192,384,0.4220,0.8440
1990s,210,70,480,195,525,0.4062,1.0938
1990s,230,70,644,255,764,0.3960,1.1863
1990s,250,70,16,7,21,0.4375,1.3125
1990s,-250,90,7,2,6,0.2857,0.8571
1990s,-230,90,570,209,627,0.3667,1.1000
1990s,-210,90,718,295,839,0.4109,1.1685
1990s,-190,90,472,190,380,0.4025,0.8051
1990s,-170,90,928,403,806,0.4343,0.8685
1990s,-150,90,1451,558,1116,0.3846,0.7691
1990s,-130,90,968,355,710,0.3667,0.7335
1990s,-110,90,835,316,632,0.3784,0.7569
1990s,-90,90,536,207,414,0.3862,0.7724
1990s,-70,90,484,171,342,0.3533,0.7066
1990s,-50,90,576,222,444,0.3854,0.7708
1990s,-30,90,550,192,384,0.3491,0.6982
1990s,-10,90,1212,564,1128,0.4653,0.9307
1990s,10,90,1283,536,1072,0.4178,0.8355
1990s,30,90,483,201,402,0.4161,0.8323
1990s,50,90,568,201,402,0.3539,0.7077
1990s,70,90,536,209,418,0.3899,0.7799
1990s,90,90,510,198,397,0.3882,0.7784
1990s,110,90,767,275,550,0.3585,0.7171
1990s,130,90,1089,422,844,0.3875,0.7750
1990s,150,90,1220,468,936,0.3836,0.7672
1990s,170,90,878,351,703,0.3998,0.8007
1990s,190,90,313,134,271,0.4281,0.8658
1990s,210,90,788,312,913,0.3959,1.1586
1990s,230,90,551,221,663,0.4011,1.2033
1990s,250,90,10,3,9,0.3000,0.9000
1990s,-250,110,5,3,9,0.6000,1.8000
1990s,-230,110,532,190,570,0.3571,1.0714
1990s,-210,110,1152,399,1177,0.3464,1.0217
1990s,-190,110,519,223,524,0.4297,1.0096
1990s,-170,110,771,315,630,0.4086,0.8171
1990s,-150,110,1316,548,1096,0.4164,0.8328
1990s,-130,110,1182,452,904,0.3824,0.7648
1990s,-110,110,929,366,732,0.3940,0.7879
1990s,-90,110,657,234,468,0.3562,0.7123
1990s,-70,110,525,219,438,0.4171,0.8343
1990s,-50,110,406,152,304,0.3744,0.7488
1990s,-30,110,376,152,304,0.4043,0.8085
1990s,-10,110,805,354,708,0.4398,0.8795
1990s,10,110,921,390,780,0.4235,0.8469
1990s,30,110,332,133,266,0.4006,0.8012
1990s,50,110,505,187,374,0.3703,0.7406
1990s,70,110,590,259,518,0.4390,0.8780
1990s,90,110,653,259,518,0.3966,0.7933
1990s,110,110,1005,391,782,0.3891,0.7781
1990s,130,110,1332,541,1082,0.4062,0.8123
1990s,150,110,1424,604,1208,0.4242,0.8483
1990s,170,110,682,275,550,0.4032,0.8065
1990s,190,110,488,201,508,0.4119,1.0410
1990s,210,110,1190,428,1274,0.3597,1.0706
1990s,230,110,557,197,591,0.3537,1.0610
1990s,250,110,7,3,9,0.4286,1.2857
1990s,-250,130,2,1,3,0.5000,1.5000
1990s,-230,130,260,78,234,0.3000,0.9000
1990s,-210,130,1409,446,1338,0.3165,0.9496
1990s,-190,130,997,415,1203,0.4162,1.2066
1990s,-170,130,504,233,480,0.4623,0.9524
1990s,-150,130,980,400,800,0.4082,0.8163
1990s,-130,130,1086,415,830,0.3821,0.7643
1990s,-110,130,1213,507,1014,0.4180,0.8359
1990s,-90,130,1024,445,890,0.4346,0.8691
1990s,-70,130,597,269,538,0.4506,0.9012
1990s,-50,130,373,153,306,0.4102,0.8204
1990s,-30,130,297,121,242,0.4074,0.8148
1990s,-10,130,792,373,746,0.4710,0.9419
1990s,10,130,836,358,716,0.4282,0.8565
1990s,30,130,300,107,214,0.3567,0.7133
1990s,50,130,459,196,392,0.4270,0.8540
1990s,70,130,779,308,616,0.3954,0.7908
1990s,90,130,958,368,736,0.3841,0.7683
1990s,110,130,1270,506,1012,0.3984,0.7969
1990s,130,130,1347,530,1060,0.3935,0.7869
1990s,150,130,972,415,830,0.4270,0.8539
1990s,170,130,471,226,480,0.4798,1.0191
1990s,190,130,897,337,982,0.3757,1.0948
1990s,210,130,1294,464,1392,0.3586,1.0757
1990s,230,130,225,87,261,0.3867,1.1600
1990s,250,130,0,0,0,,
1990s,-250,150,1,0,0,0.0000,0.0000
1990s,-230,150,95,29,87,0.3053,0.9158
1990s,-210,150,1152,362,1086,0.3142,0.9427
1990s,-190,150,1778,644,1928,0.3622,1.0844
1990s,-170,150,870,365,988,0.4195,1.1356
1990s,-150,150,701,298,602,0.4251,0.8588
1990s,-130,150,966,407,814,0.4213,0.8427
1990s,-110,150,1273,503,1006,0.3951,0.7903
1990s,-90,150,1422,560,1120,0.3938,0.7876
1990s,-70,150,859,360,720,0.4191,0.8382
1990s,-50,150,582,257,514,0.4416,0.8832
1990s,-30,150,586,245,490,0.4181,0.8362
1990s,-10,150,1285,582,1164,0.4529,0.9058
1990s,10,150,1339,584,1168,0.4361,0.8723
1990s,30,150,474,175,350,0.3692,0.7384
1990s,50,150,549,189,378,0.3443,0.6885
1990s,70,150,1122,446,892,0.3975,0.7950
1990s,90,150,1232,521,1042,0.4229,0.8458
1990s,110,150,1365,548,1096,0.4015,0.8029
1990s,130,150,1121,454,908,0.4050,0.8100
1990s,150,150,708,320,655,0.4520,0.9251
1990s,170,150,994,378,1063,0.3803,1.0694
1990s,190,150,1504,519,1556,0.3451,1.0346
1990s,210,150,876,301,903,0.3436,1.0308
1990s,230,150,52,16,48,0.3077,0.9231
1990s,250,150,1,1,3,1.0000,3.0000
1990s,-250,170,0,0,0,,
1990s,-230,170,11,2,6,0.1818,0.5455
1990s,-210,170,418,121,363,0.2895,0.8684
1990s,-190,170,1717,561,1682,0.3267,0.9796
1990s,-170,170,2019,763,2281,0.3779,1.1298
1990s,-150,170,1121,458,1248,0.4086,1.1133
1990s,-130,170,587,253,535,0.4310,0.9114
1990s,-110,170,888,387,774,0.4358,0.8716
1990s,-90,170,946,374,748,0.3953,0.7907
1990s,-70,170,796,325,650,0.4083,0.8166
1990s,-50,170,620,228,456,0.3677,0.7355
1990s,-30,170,567,221,442,0.3898,0.7795
1990s,-10,170,1025,444,888,0.4332,0.8663
1990s,10,170,1025,417,834,0.4068,0.8137
1990s,30,170,502,176,352,0.3506,0.7012
1990s,50,170,706,239,478,0.3385,0.6771
1990s,70,170,919,378,756,0.4113,0.8226
1990s,90,170,914,330,660,0.3611,0.7221
1990s,110,170,1076,478,956,0.4442,0.8885
1990s,130,170,702,300,633,0.4274,0.9017
1990s,150,170,1276,494,1383,0.3871,1.0839
1990s,170,170,2007,712,2131,0.3548,1.0618
1990s,190,170,1437,496,1488,0.3452,1.0355
1990s,210,170,273,81,243,0.2967,0.8901
1990s,230,170,13,3,9,0.2308,0.6923
1990s,250,170,0,0,0,,
1990s,-250,190,0,0,0,,
1990s,-230,190,1,1,3,1.0000,3.0000
1990s,-210,190,70,15,45,0.2143,0.6429
1990s,-190,190,428,126,378,0.2944,0.8832
1990s,-170,190,1626,566,1695,0.3481,1.0424
1990s,-150,190,1844,686,2046,0.3720,1.1095
1990s,-130,190,1021,418,1193,0.4094,1.1685
1990s,-110,190,546,230,556,0.4212,1.0183
1990s,-90,190,440,191,384,0.4341,0.8727
1990s,-70,190,454,196,392,0.4317,0.8634
1990s,-50,190,501,190,380,0.3792,0.7585
1990s,-30,190,575,234,468,0.4070,0.8139
1990s,-10,190,1118,499,998,0.4463,0.8927
1990s,10,190,1248,521,1042,0.4175,0.8349
1990s,30,190,537,186,372,0.3464,0.6927
1990s,50,190,586,218,436,0.3720,0.7440
1990s,70,190,572,226,452,0.3951,0.7902
1990s,90,190,444,165,332,0.3716,0.7477
1990s,110,190,646,249,597,0.3854,0.9241
1990s,130,190,1181,406,1176,0.3438,0.9958
1990s,150,190,1813,659,1972,0.3635,1.0877
1990s,170,190,1411,502,1506,0.3558,1.0673
1990s,190,190,328,114,342,0.3476,1.0427
1990s,210,190,61,15,45,0.2459,0.7377
1990s,230,190,2,1,3,0.5000,1.5000
1990s,250,190,0,0,0,,
1990s,-250,210,0,0,0,,
1990s,-230,210,1,0,0,0.0000,0.0000
1990s,-210,210,17,1,3,0.0588,0.1765
1990s,-190,210,105,33,99,0.3143,0.9429
1990s,-170,210,456,145,435,0.3180,0.9539
1990s,-150,210,1399,459,1377,0.3281,0.9843
1990s,-130,210,1411,484,1452,0.3430,1.0291
1990s,-110,210,1149,425,1261,0.3699,1.0975
1990s,-90,210,650,230,644,0.3538,0.9908
1990s,-70,210,360,133,341,0.3694,0.9472
1990s,-50,210,269,93,199,0.3457,0.7398
1990s,-30,210,312,115,232,0.3686,0.7436
1990s,-10,210,787,353,708,0.4485,0.8996
1990s,10,210,889,372,747,0.4184,0.8403
1990s,30,210,294,117,235,0.3980,0.7993
1990s,50,210,344,127,272,0.3692,0.7907
1990s,70,210,514,184,469,0.3580,0.9125
1990s,90,210,806,286,802,0.3548,0.9950
1990s,110,210,1317,460,1372,0.3493,1.0418
1990s,130,210,1776,665,1993,0.3744,1.1222
1990s,150,210,1189,431,1293,0.3625,1.0875
1990s,170,210,392,131,393,0.3342,1.0026
1990s,190,210,79,24,72,0.3038,0.9114
1990s,210,210,14,1,3,0.0714,0.2143
1990s,230,210,3,1,3,0.3333,1.0000
1990s,250,210,0,0,0,,
1990s,-250,230,0,0,0,,
1990s,-230,230,1,0,0,0.0000,0.0000
1990s,-210,230,8,2,6,0.2500,0.7500
1990s,-190,230,25,4,12,0.1600,0.4800
1990s,-170,230,88,19,57,0.2159,0.6477
1990s,-150,230,274,96,288,0.3504,1.0511
1990s,-130,230,514,178,534,0.3463,1.0389
1990s,-110,230,982,346,1037,0.3523,1.0560
1990s,-90,230,1005,358,1074,0.3562,1.0687
1990s,-70,230,769,276,823,0.3589,1.0702
1990s,-50,230,611,247,729,0.4043,1.1931
1990s,-30,230,593,221,638,0.3727,1.0759
1990s,-10,230,1098,484,1391,0.4408,1.2668
1990s,10,230,1191,470,1324,0.3946,1.1117
1990s,30,230,556,181,521,0.3255,0.9371
1990s,50,230,734,270,789,0.3678,1.0749
1990s,70,230,968,335,1002,0.3461,1.0351
1990s,90,230,1133,411,1232,0.3628,1.0874
1990s,110,230,1213,430,1290,0.3545,1.0635
1990s,130,230,601,194,581,0.3228,0.9667
1990s,150,230,174,53,159,0.3046,0.9138
1990s,170,230,76,13,39,0.1711,0.5132
1990s,190,230,22,4,12,0.1818,0.5455
1990s,210,230,7,0,0,0.0000,0.0000
1990s,230,230,1,1,3,1.0000,3.0000
1990s,250,230,0,0,0,,
1990s,-250,250,0,0,0,,
1990s,-230,250,0,0,0,,
1990s,-210,250,4,0,0,0.0000,0.0000
1990s,-190,250,18,5,15,0.2778,0.8333
1990s,-170,250,20,4,12,0.2000,0.6000
1990s,-150,250,46,6,18,0.1304,0.3913
1990s,-130,250,76,26,78,0.3421,1.0263
1990s,-110,250,171,50,150,0.2924,0.8772
1990s,-90,250,328,117,351,0.3567,1.0701
1990s,-70,250,434,139,417,0.3203,0.9608
1990s,-50,250,551,179,537,0.3249,0.9746
1990s,-30,250,775,251,753,0.3239,0.9716
1990s,-10,250,1560,603,1809,0.3865,1.1596
1990s,10,250,1772,642,1925,0.3623,1.0863
1990s,30,250,727,233,699,0.3205,0.9615
1990s,50,250,624,196,588,0.3141,0.9423
1990s,70,250,470,143,429,0.3043,0.9128
1990s,90,250,301,98,294,0.3256,0.9767
1990s,110,250,198,63,189,0.3182,0.9545
1990s,130,250,68,21,63,0.3088,0.9265
1990s,150,250,24,4,12,0.1667,0.5000
1990s,170,250,20,7,21,0.3500,1.0500
1990s,190,250,9,3,9,0.3333,1.0000
1990s,210,250,4,2,6,0.5000,1.5000
1990s,230,250,0,0,0,,
1990s,250,250,1,1,3,1.0000,3.0000
1990s,-250,270,0,0,0,,
1990s,-230,270,0,0,0,,
1990s,-210,270,3,1,3,0.3333,1.0000
1990s,-190,270,8,0,0,0.0000,0.0000
1990s,-170,270,10,2,6,0.2000,0.6000
1990s,-150,270,12,1,3,0.0833,0.2500
1990s,-130,270,14,2,6,0.1429,0.4286
1990s,-110,270,25,3,9,0.1200,0.3600
1990s,-90,270,36,15,45,0.4167,1.2500
1990s,-70,270,51,14,42,0.2745,0.8235
1990s,-50,270,89,25,75,0.2809,0.8427
1990s,-30,270,168,43,129,0.2560,0.7679
1990s,-10,270,350,121,363,0.3457,1.0371
1990s,10,270,364,123,369,0.3379,1.0137
1990s,30,270,153,38,114,0.2484,0.7451
1990s,50,270,108,33,99,0.3056,0.9167
1990s,70,270,47,13,39,0.2766,0.8298
1990s,90,270,33,10,30,0.3030,0.9091
1990s,110,270,20,7,21,0.3500,1.0500
1990s,130,270,12,3,9,0.2500,0.7500
1990s,150,270,18,4,12,0.2222,0.6667
1990s,170,270,12,1,3,0.0833,0.2500
1990s,190,270,9,1,3,0.1111,0.3333
1990s,210,270,4,0,0,0.0000,0.0000
1990s,230,270,0,0,0,,
1990s,250,270,0,0,0,,
1990s,-250,290,0,0,0,,
1990s,-230,290,0,0,0,,
1990s,-210,290,0,0,0,,
1990s,-190,290,9,1,3,0.1111,0.3333
1990s,-170,290,7,0,0,0.0000,0.0000
1990s,-150,290,10,2,6,0.2000,0.6000
1990s,-130,290,3,0,0,0.0000,0.0000
1990s,-110,290,13,0,0,0.0000,0.0000
1990s,-90,290,12,2,6,0.1667,0.5000
1990s,-70,290,13,1,3,0.0769,0.2308
1990s,-50,290,20,5,15,0.2500,0.7500
1990s,-30,290,27,6,18,0.2222,0.6667
1990s,-10,290,49,12,36,0.2449,0.7347
1990s,10,290,60,21,63,0.3500,1.0500
1990s,30,290,18,4,12,0.2222,0.6667
1990s,50,290,26,5,15,0.1923,0.5769
1990s,70,290,17,4,12,0.2353,0.7059
1990s,90,290,14,3,9,0.2143,0.6429
1990s,110,290,13,2,6,0.1538,0.4615
1990s,130,290,11,2,6,0.1818,0.5455
1990s,150,290,15,0,0,0.0000,0.0000
1990s,170,290,7,2,6,0.2857,0.8571
1990s,190,290,9,1,3,0.1111,0.3333
1990s,210,290,2,1,3,0.5000,1.5000
1990s,230,290,1,0,0,0.0000,0.0000
1990s,250,290,0,0,0,,
1990s,-250,310,0,0,0,,
1990s,-230,310,0,0,0,,
1990s,-210,310,4,0,0,0.0000,0.0000
1990s,-190,310,9,0,0,0.0000,0.0000
1990s,-170,310,8,1,3,0.1250,0.3750
1990s,-150,310,14,2,6,0.1429,0.4286
1990s,-130,310,8,0,0,0.0000,0.0000
1990s,-110,310,7,0,0,0.0000,0.0000
1990s,-90,310,3,1,3,0.3333,1.0000
1990s,-70,310,5,0,0,0.0000,0.0000
1990s,-50,310,3,1,3,0.3333,1.0000
1990s,-30,310,5,0,0,0.0000,0.0000
1990s,-10,310,20,1,3,0.0500,0.1500
1990s,10,310,28,2,6,0.0714,0.2143
1990s,30,310,8,1,3,0.1250,0.3750
1990s,50,310,5,1,3,0.2000,0.6000
1990s,70,310,8,2,6,0.2500,0.7500
1990s,90,310,5,1,3,0.2000,0.6000
1990s,110,310,5,0,0,0.0000,0.0000
1990s,130,310,8,1,3,0.1250,0.3750
1990s,150,310,6,1,3,0.1667,0.5000
1990s,170,310,11,3,9,0.2727,0.8182
1990s,190,310,9,0,0,0.0000,0.0000
1990s,210,310,4,0,0,0.0000,0.0000
1990s,230,310,2,0,0,0.0000,0.0000
1990s,250,310,0,0,0,,
1990s,-250,330,0,0,0,,
1990s,-230,330,0,0,0,,
1990s,-210,330,2,0,0,0.0000,0.0000
1990s,-190,330,6,0,0,0.0000,0.0000
1990s,-170,330,6,1,3,0.1667,0.5000
1990s,-150,330,5,0,0,0.0000,0.0000
1990s,-130,330,10,2,6,0.2000,0.6000
1990s,-110,330,2,0,0,0.0000,0.0000
1990s,-90,330,4,0,0,0.0000,0.0000
1990s,-70,330,3,0,0,0.0000,0.0000
1990s,-50,330,3,0,0,0.0000,0.0000
1990s,-30,330,5,0,0,0.0000,0.0000
1990s,-10,330,11,2,6,0.1818,0.5455
1990s,10,330,12,3,9,0.2500,0.7500
1990s,30,330,1,0,0,0.0000,0.0000
1990s,50,330,4,1,3,0.2500,0.7500
1990s,70,330,7,0,0,0.0000,0.0000
1990s,90,330,1,0,0,0.0000,0.0000
1990s,110,330,3,0,0,0.0000,0.0000
1990s,130,330,6,0,0,0.0000,0.0000
1990s,150,330,8,0,0,0.0000,0.0000
1990s,170,330,6,0,0,0.0000,0.0000
1990s,190,330,5,2,6,0.4000,1.2000
1990s,210,330,1,0,0,0.0000,0.0000
1990s,230,330,1,1,3,1.0000,3.0000
1990s,250,330,0,0,0,,
1990s,-250,350,0,0,0,,
1990s,-230,350,0,0,0,,
1990s,-210,350,4,0,0,0.0000,0.0000
1990s,-190,350,8,0,0,0.0000,0.0000
1990s,-170,350,6,0,0,0.0000,0.0000
1990s,-150,350,4,1,3,0.2500,0.7500
1990s,-130,350,5,0,0,0.0000,0.0000
1990s,-110,350,1,0,0,0.0000,0.0000
1990s,-90,350,5,0,0,0.0000,0.0000
1990s,-70,350,2,0,0,0.0000,0.0000
1990s,-50,350,3,0,0,0.0000,0.0000
1990s,-30,350,2,0,0,0.0000,0.0000
1990s,-10,350,13,1,3,0.0769,0.2308
1990s,10,350,6,1,3,0.1667,0.5000
1990s,30,350,5,0,0,0.0000,0.0000
1990s,50,350,2,0,0,0.0000,0.0000
1990s,70,350,4,0,0,0.0000,0.0000
1990s,90,350,3,0,0,0.0000,0.0000
1990s,110,350,5,1,3,0.2000,0.6000
1990s,130,350,4,0,0,0.0000,0.0000
1990s,150,350,9,0,0,0.0000,0.0000
1990s,170,350,7,1,3,0.1429,0.4286
1990s,190,350,9,1,3,0.1111,0.3333
1990s,210,350,6,1,3,0.1667,0.5000
1990s,230,350,0,0,0,,
1990s,250,350,0,0,0,,
1990s,-250,370,0,0,0,,
1990s,-230,370,2,0,0,0.0000,0.0000
1990s,-210,370,8,0,0,0.0000,0.0000
1990s,-190,370,19,1,3,0.0526,0.1579
1990s,-170,370,10,0,0,0.0000,0.0000
1990s,-150,370,13,0,0,0.0000,0.0000
1990s,-130,370,12,0,0,0.0000,0.0000
1990s,-110,370,3,0,0,0.0000,0.0000
1990s,-90,370,4,0,0,0.0000,0.0000
1990s,-70,370,5,1,3,0.2000,0.6000
1990s,-50,370,1,0,0,0.0000,0.0000
1990s,-30,370,3,0,0,0.0000,0.0000
1990s,-10,370,10,1,3,0.1000,0.3000
1990s,10,370,12,1,3,0.0833,0.2500
1990s,30,370,3,0,0,0.0000,0.0000
1990s,50,370,7,0,0,0.0000,0.0000
1990s,70,370,3,0,0,0.0000,0.0000
1990s,90,370,10,1,3,0.1000,0.3000
1990s,110,370,4,0,0,0.0000,0.0000
1990s,130,370,7,1,3,0.1429,0.4286
1990s,150,370,14,1,3,0.0714,0.2143
1990s,170,370,9,1,3,0.1111,0.3333
1990s,190,370,11,1,3,0.0909,0.2727
1990s,210,370,9,2,6,0.2222,0.6667
1990s,230,370,0,0,0,,
1990s,250,370,0,0,0,,
1990s,-250,390,0,0,0,,
1990s,-230,390,5,0,0,0.0000,0.0000
1990s,-210,390,17,0,0,0.0000,0.0000
1990s,-190,390,18,1,3,0.0556,0.1667
1990s,-170,390,15,0,0,0.0000,0.0000
1990s,-150,390,10,1,3,0.1000,0.3000
1990s,-130,390,9,1,3,0.1111,0.3333
1990s,-110,390,14,0,0,0.0000,0.0000
1990s,-90,390,10,0,0,0.0000,0.0000
1990s,-70,390,5,0,0,0.0000,0.0000
1990s,-50,390,6,0,0,0.0000,0.0000
1990s,-30,390,4,0,0,0.0000,0.0000
1990s,-10,390,17,1,3,0.0588,0.1765
1990s,10,390,32,1,3,0.0312,0.0938
1990s,30,390,8,1,3,0.1250,0.3750
1990s,50,390,10,0,0,0.0000,0.0000
1990s,70,390,16,1,3,0.0625,0.1875
1990s,90,390,13,1,3,0.0769,0.2308
1990s,110,390,17,2,6,0.1176,0.3529
1990s,130,390,18,0,0,0.0000,0.0000
1990s,150,390,12,1,3,0.0833,0.2500
1990s,170,390,17,1,3,0.0588,0.1765
1990s,190,390,17,2,6,0.1176,0.3529
1990s,210,390,10,2,6,0.2000,0.6000
1990s,230,390,2,0,0,0.0000,0.0000
1990s,250,390,0,0,0,,
1990s,-250,410,0,0,0,,
1990s,-230,410,3,0,0,0.0000,0.0000
1990s,-210,410,11,0,0,0.0000,0.0000
1990s,-190,410,3,0,0,0.0000,0.0000
1990s,-170,410,3,0,0,0.0000,0.0000
1990s,-150,410,5,0,0,0.0000,0.0000
1990s,-130,410,6,0,0,0.0000,0.0000
1990s,-110,410,5,0,0,0.0000,0.0000
1990s,-90,410,5,0,0,0.0000,0.0000
1990s,-70,410,4,0,0,0.0000,0.0000
1990s,-50,410,2,0,0,0.0000,0.0000
1990s,-30,410,3,0,0,0.0000,0.0000
1990s,-10,410,28,0,0,0.0000,0.0000
1990s,10,410,31,0,0,0.0000,0.0000
1990s,30,410,12,0,0,0.0000,0.0000
1990s,50,410,7,0,0,0.0000,0.0000
1990s,70,410,10,0,0,0.0000,0.0000
1990s,90,410,6,0,0,0.0000,0.0000
1990s,110,410,13,1,3,0.0769,0.2308
1990s,130,410,7,0,0,0.0000,0.0000
1990s,150,410,10,0,0,0.0000,0.0000
1990s,170,410,7,0,0,0.0000,0.0000
1990s,190,410,17,1,3,0.0588,0.1765
1990s,210,410,10,1,3,0.1000,0.3000
1990s,230,410,2,0,0,0.0000,0.0000
1990s,250,410,0,0,0,,
2000s,-250,-50,1,0,0,0.0000,0.0000
2000s,-230,-50,34,8,24,0.2353,0.7059
2000s,-210,-50,4,2,4,0.5000,1.0000
2000s,-190,-50,39,22,44,0.5641,1.1282
2000s,-170,-50,42,24,48,0.5714,1.1429
2000s,-150,-50,35,21,42,0.6000,1.2000
2000s,-130,-50,33,19,38,0.5758,1.1515
2000s,-110,-50,16,12,24,0.7500,1.5000
2000s,-90,-50,11,7,14,0.6364,1.2727
2000s,-70,-50,7,2,4,0.2857,0.5714
2000s,-50,-50,2,0,0,0.0000,0.0000
2000s,-30,-50,5,0,0,0.0000,0.0000
2000s,-10,-50,4,0,0,0.0000,0.0000
2000s,10,-50,6,1,2,0.1667,0.3333
2000s,30,-50,5,0,0,0.0000,0.0000
2000s,50,-50,1,0,0,0.0000,0.0000
2000s,70,-50,2,0,0,0.0000,0.0000
2000s,90,-50,7,1,2,0.1429,0.2857
2000s,110,-50,9,5,10,0.5556,1.1111
2000s,130,-50,29,20,40,0.6897,1.3793
2000s,150,-50,41,27,54,0.6585,1.3171
2000s,170,-50,53,27,54,0.5094,1.0189
2000s,190,-50,42,21,42,0.5000,1.0000
2000s,210,-50,11,7,14,0.6364,1.2727
2000s,230,-50,41,15,45,0.3659,1.0976
2000s,250,-50,11,4,12,0.3636,1.0909
2000s,-250,-30,340,111,333,0.3265,0.9794
2000s,-230,-30,2928,1077,3231,0.3678,1.1035
2000s,-210,-30,637,306,623,0.4804,0.9780
2000s,-190,-30,1903,756,1512,0.3973,0.7945
2000s,-170,-30,1841,745,1490,0.4047,0.8093
2000s,-150,-30,1289,576,1152,0.4469,0.8937
2000s,-130,-30,962,482,964,0.5010,1.0021
2000s,-110,-30,691,302,604,0.4370,0.8741
2000s,-90,-30,406,190,380,0.4680,0.9360
2000s,-70,-30,202,84,168,0.4158,0.8317
2000s,-50,-30,64,18,36,0.2812,0.5625
2000s,-30,-30,32,5,10,0.1562,0.3125
2000s,-10,-30,67,50,100,0.7463,1.4925
2000s,10,-30,134,100,200,0.7463,1.4925
2000s,30,-30,26,5,10,0.1923,0.3846
2000s,50,-30,36,5,10,0.1389,0.2778
2000s,70,-30,108,50,100,0.4630,0.9259
2000s,90,-30,219,86,172,0.3927,0.7854
2000s,110,-30,411,179,358,0.4355,0.8710
2000s,130,-30,741,338,676,0.4561,0.9123
2000s,150,-30,1249,561,1122,0.4492,0.8983
2000s,170,-30,1648,667,1334,0.4047,0.8095
2000s,190,-30,1602,622,1244,0.3883,0.7765
2000s,210,-30,554,251,502,0.4531,0.9061
2000s,230,-30,2477,955,2863,0.3855,1.1558
2000s,250,-30,412,150,450,0.3641,1.0922
2000s,-250,-10,1243,434,1302,0.3492,1.0475
2000s,-230,-10,13609,5501,16502,0.4042,1.2126
2000s,-210,-10,2339,1037,2163,0.4434,0.9248
2000s,-190,-10,5930,2352,4704,0.3966,0.7933
2000s,-170,-10,7395,2883,5766,0.3899,0.7797
2000s,-150,-10,6646,2600,5200,0.3912,0.7824
2000s,-130,-10,4550,1713,3426,0.3765,0.7530
2000s,-110,-10,3658,1310,2620,0.3581,0.7162
2000s,-90,-10,2664,963,1926,0.3615,0.7230
2000s,-70,-10,1889,624,1248,0.3303,0.6607
2000s,-50,-10,1245,342,684,0.2747,0.5494
2000s,-30,-10,1391,457,914,0.3285,0.6571
2000s,-10,-10,6503,4674,9348,0.7187,1.4375
2000s,10,-10,8972,6491,12982,0.7235,1.4469
2000s,30,-10,1643,601,1202,0.3658,0.7316
2000s,50,-10,1110,309,618,0.2784,0.5568
2000s,70,-10,1488,509,1018,0.3421,0.6841
2000s,90,-10,1862,660,1320,0.3545,0.7089
2000s,110,-10,2306,840,1680,0.3643,0.7285
2000s,130,-10,3206,1179,2358,0.3677,0.7355
2000s,150,-10,5178,1924,3848,0.3716,0.7431
2000s,170,-10,5869,2180,4360,0.3714,0.7429
2000s,190,-10,4728,1776,3552,0.3756,0.7513
2000s,210,-10,1917,825,1650,0.4304,0.8607
2000s,230,-10,11365,4530,13581,0.3986,1.1950
2000s,250,-10,1336,498,1494,0.3728,1.1183
2000s,-250,10,1405,436,1308,0.3103,0.9310
2000s,-230,10,16350,6359,19076,0.3889,1.1667
2000s,-210,10,2732,1132,2335,0.4143,0.8547
2000s,-190,10,7651,2994,5988,0.3913,0.7826
2000s,-170,10,11612,4623,9246,0.3981,0.7962
2000s,-150,10,11523,4519,9038,0.3922,0.7843
2000s,-130,10,8374,3244,6488,0.3874,0.7748
2000s,-110,10,7314,2685,5370,0.3671,0.7342
2000s,-90,10,7024,2723,5446,0.3877,0.7753
2000s,-70,10,7071,2726,5452,0.3855,0.7710
2000s,-50,10,6628,2216,4432,0.3343,0.6687
2000s,-30,10,10961,4607,9214,0.4203,0.8406
2000s,-10,10,29718,19481,38962,0.6555,1.3111
2000s,10,10,508219,308005,616040,0.6060,1.2122
2000s,30,10,13450,6036,12072,0.4488,0.8975
2000s,50,10,7312,2540,5080,0.3474,0.6947
2000s,70,10,7720,2933,5866,0.3799,0.7598
2000s,90,10,7090,2655,5310,0.3745,0.7489
2000s,110,10,6877,2445,4890,0.3555,0.7111
2000s,130,10,7470,2818,5636,0.3772,0.7545
2000s,150,10,10915,4289,8578,0.3929,0.7859
2000s,170,10,10436,4148,8296,0.3975,0.7949
2000s,190,10,6544,2663,5326,0.4069,0.8139
2000s,210,10,2689,1183,2369,0.4399,0.8810
2000s,230,10,15422,5983,17929,0.3880,1.1626
2000s,250,10,1537,568,1704,0.3696,1.1087
2000s,-250,30,628,203,609,0.3232,0.9697
2000s,-230,30,6789,2559,7676,0.3769,1.1307
2000s,-210,30,1179,479,984,0.4063,0.8346
2000s,-190,30,3652,1419,2838,0.3886,0.7771
2000s,-170,30,5943,2318,4636,0.3900,0.7801
2000s,-150,30,6477,2439,4878,0.3766,0.7531
2000s,-130,30,4665,1678,3356,0.3597,0.7194
2000s,-110,30,4571,1643,3286,0.3594,0.7189
2000s,-90,30,4980,1873,3746,0.3761,0.7522
2000s,-70,30,6767,2705,5410,0.3997,0.7995
2000s,-50,30,7849,2848,5696,0.3628,0.7257
2000s,-30,30,8786,3209,6418,0.3652,0.7305
2000s,-10,30,11130,4856,9712,0.4363,0.8726
2000s,10,30,13377,6029,12058,0.4507,0.9014
2000s,30,30,10011,3634,7268,0.3630,0.7260
2000s,50,30,8301,3133,6266,0.3774,0.7548
2000s,70,30,7649,3034,6068,0.3967,0.7933
2000s,90,30,5343,2041,4082,0.3820,0.7640
2000s,110,30,4207,1415,2830,0.3363,0.6727
2000s,130,30,4424,1578,3156,0.3567,0.7134
2000s,150,30,5994,2222,4444,0.3707,0.7414
2000s,170,30,5625,2118,4236,0.3765,0.7531
2000s,190,30,3357,1317,2634,0.3923,0.7846
2000s,210,30,1210,496,993,0.4099,0.8207
2000s,230,30,7027,2697,8088,0.3838,1.1510
2000s,250,30,752,267,801,0.3551,1.0652
2000s,-250,50,351,111,333,0.3162,0.9487
2000s,-230,50,4329,1616,4848,0.3733,1.1199
2000s,-210,50,946,410,838,0.4334,0.8858
2000s,-190,50,2712,1064,2128,0.3923,0.7847
2000s,-170,50,4799,1849,3698,0.3853,0.7706
2000s,-150,50,5825,2230,4460,0.3828,0.7657
2000s,-130,50,4419,1624,3248,0.3675,0.7350
2000s,-110,50,3990,1405,2810,0.3521,0.7043
2000s,-90,50,4012,1473,2946,0.3671,0.7343
2000s,-70,50,5527,2242,4484,0.4056,0.8113
2000s,-50,50,7266,2766,5532,0.3807,0.7614
2000s,-30,50,8575,3342,6684,0.3897,0.7795
2000s,-10,50,14854,6547,13094,0.4408,0.8815
2000s,10,50,18376,7977,15954,0.4341,0.8682
2000s,30,50,8945,3468,6936,0.3877,0.7754
2000s,50,50,6814,2489,4978,0.3653,0.7306
2000s,70,50,5260,2028,4056,0.3856,0.7711
2000s,90,50,3786,1426,2852,0.3767,0.7533
2000s,110,50,3547,1272,2544,0.3586,0.7172
2000s,130,50,3910,1439,2878,0.3680,0.7361
2000s,150,50,5395,2006,4012,0.3718,0.7437
2000s,170,50,4608,1788,3577,0.3880,0.7763
2000s,190,50,2475,1006,2012,0.4065,0.8129
2000s,210,50,804,327,655,0.4067,0.8147
2000s,230,50,4328,1652,4952,0.3817,1.1442
2000s,250,50,516,201,602,0.3895,1.1667
2000s,-250,70,204,65,195,0.3186,0.9559
2000s,-230,70,2823,1075,3225,0.3808,1.1424
2000s,-210,70,733,335,687,0.4570,0.9372
2000s,-190,70,2367,954,1908,0.4030,0.8061
2000s,-170,70,4242,1716,3432,0.4045,0.8091
2000s,-150,70,5484,2071,4142,0.3776,0.7553
2000s,-130,70,4006,1447,2894,0.3612,0.7224
2000s,-110,70,3145,1100,2200,0.3498,0.6995
2000s,-90,70,2643,986,1972,0.3731,0.7461
2000s,-70,70,3374,1296,2592,0.3841,0.7682
2000s,-50,70,4324,1605,3210,0.3712,0.7424
2000s,-30,70,4918,1928,3857,0.3920,0.7843
2000s,-10,70,10005,4129,8258,0.4127,0.8254
2000s,10,70,12465,5269,10538,0.4227,0.8454
2000s,30,70,5439,1977,3954,0.3635,0.7270
2000s,50,70,4105,1463,2926,0.3564,0.7128
2000s,70,70,3108,1230,2460,0.3958,0.7915
2000s,90,70,2390,910,1820,0.3808,0.7615
2000s,110,70,2730,1003,2006,0.3674,0.7348
2000s,130,70,3516,1249,2498,0.3552,0.7105
2000s,150,70,4921,1904,3808,0.3869,0.7738
2000s,170,70,3859,1511,3022,0.3916,0.7831
2000s,190,70,2006,814,1628,0.4058,0.8116
2000s,210,70,670,274,549,0.4090,0.8194
2000s,230,70,2699,1028,3083,0.3809,1.1423
2000s,250,70,298,99,297,0.3322,0.9966
2000s,-250,90,92,31,93,0.3370,1.0109
2000s,-230,90,2056,793,2379,0.3857,1.1571
2000s,-210,90,716,318,700,0.4441,0.9777
2000s,-190,90,2199,908,1816,0.4129,0.8258
2000s,-170,90,4109,1660,3320,0.4040,0.8080
2000s,-150,90,5853,2294,4588,0.3919,0.7839
2000s,-130,90,4459,1719,3438,0.3855,0.7710
2000s,-110,90,3108,1150,2300,0.3700,0.7400
2000s,-90,90,2211,891,1782,0.4030,0.8060
2000s,-70,90,2502,1034,2068,0.4133,0.8265
2000s,-50,90,2692,1032,2064,0.3834,0.7667
2000s,-30,90,2489,932,1864,0.3744,0.7489
2000s,-10,90,4946,1960,3920,0.3963,0.7926
2000s,10,90,6535,2594,5188,0.3969,0.7939
2000s,30,90,2949,1071,2142,0.3632,0.7263
2000s,50,90,2667,969,1938,0.3633,0.7267
2000s,70,90,2305,922,1844,0.4000,0.8000
2000s,90,90,1959,769,1538,0.3925,0.7851
2000s,110,90,2721,1027,2054,0.3774,0.7549
2000s,130,90,3910,1507,3014,0.3854,0.7708
2000s,150,90,5526,2166,4332,0.3920,0.7839
2000s,170,90,3720,1534,3068,0.4124,0.8247
2000s,190,90,1768,697,1394,0.3942,0.7885
2000s,210,90,567,233,484,0.4109,0.8536
2000s,230,90,2354,917,2750,0.3895,1.1682
2000s,250,90,139,49,147,0.3525,1.0576
2000s,-250,110,46,14,42,0.3043,0.9130
2000s,-230,110,2947,1095,3285,0.3716,1.1147
2000s,-210,110,2047,757,2218,0.3698,1.0835
2000s,-190,110,1657,659,1318,0.3977,0.7954
2000s,-170,110,3379,1390,2781,0.4114,0.8230
2000s,-150,110,5825,2354,4708,0.4041,0.8082
2000s,-130,110,5432,2164,4329,0.3984,0.7969
2000s,-110,110,3744,1435,2870,0.3833,0.7666
2000s,-90,110,2447,978,1956,0.3997,0.7993
2000s,-70,110,2377,963,1926,0.4051,0.8103
2000s,-50,110,2287,910,1820,0.3979,0.7958
2000s,-30,110,1594,596,1192,0.3739,0.7478
2000s,-10,110,3033,1310,2620,0.4319,0.8638
2000s,10,110,3787,1549,3099,0.4090,0.8183
2000s,30,110,1999,775,1550,0.3877,0.7754
2000s,50,110,2311,921,1842,0.3985,0.7971
2000s,70,110,2414,1022,2045,0.4234,0.8471
2000s,90,110,2156,861,1722,0.3994,0.7987
2000s,110,110,3467,1346,2692,0.3882,0.7765
2000s,130,110,5161,2011,4022,0.3897,0.7793
2000s,150,110,6006,2400,4800,0.3996,0.7992
2000s,170,110,3363,1337,2674,0.3976,0.7951
2000s,190,110,1377,592,1185,0.4299,0.8606
2000s,210,110,1951,731,2128,0.3747,1.0907
2000s,230,110,3183,1174,3522,0.3688,1.1065
2000s,250,110,54,20,60,0.3704,1.1111
2000s,-250,130,23,7,21,0.3043,0.9130
2000s,-230,130,1880,597,1791,0.3176,0.9527
2000s,-210,130,5788,2110,6328,0.3645,1.0933
2000s,-190,130,1131,470,1079,0.4156,0.9540
2000s,-170,130,2609,1090,2180,0.4178,0.8356
2000s,-150,130,5085,2026,4052,0.3984,0.7969
2000s,-130,130,6437,2623,5246,0.4075,0.8150
2000s,-110,130,6095,2517,5034,0.4130,0.8259
2000s,-90,130,4416,1822,3644,0.4126,0.8252
2000s,-70,130,3228,1463,2926,0.4532,0.9064
2000s,-50,130,1751,716,1432,0.4089,0.8178
2000s,-30,130,1380,570,1140,0.4130,0.8261
2000s,-10,130,2990,1324,2648,0.4428,0.8856
2000s,10,130,3764,1678,3356,0.4458,0.8916
2000s,30,130,1588,633,1266,0.3986,0.7972
2000s,50,130,1885,771,1542,0.4090,0.8180
2000s,70,130,3435,1451,2902,0.4224,0.8448
2000s,90,130,4416,1899,3798,0.4300,0.8601
2000s,110,130,5666,2274,4548,0.4013,0.8027
2000s,130,130,6781,2717,5434,0.4007,0.8014
2000s,150,130,5899,2355,4710,0.3992,0.7984
2000s,170,130,2693,1112,2224,0.4129,0.8258
2000s,190,130,938,391,886,0.4168,0.9446
2000s,210,130,5188,1827,5474,0.3522,1.0551
2000s,230,130,1585,572,1716,0.3609,1.0826
2000s,250,130,21,4,12,0.1905,0.5714
2000s,-250,150,5,1,3,0.2000,0.6000
2000s,-230,150,468,129,386,0.2756,0.8248
2000s,-210,150,5606,1942,5826,0.3464,1.0392
2000s,-190,150,5225,1979,5902,0.3788,1.1296
2000s,-170,150,1482,668,1353,0.4507,0.9130
2000s,-150,150,3847,1590,3180,0.4133,0.8266
2000s,-130,150,5782,2284,4568,0.3950,0.7900
2000s,-110,150,7055,2798,5596,0.3966,0.7932
2000s,-90,150,6372,2670,5340,0.4190,0.8380
2000s,-70,150,4139,1666,3332,0.4025,0.8050
2000s,-50,150,2399,986,1972,0.4110,0.8220
2000s,-30,150,2139,847,1694,0.3960,0.7920
2000s,-10,150,4331,1904,3808,0.4396,0.8792
2000s,10,150,5575,2347,4694,0.4210,0.8420
2000s,30,150,2373,933,1866,0.3932,0.7863
2000s,50,150,2313,973,1946,0.4207,0.8413
2000s,70,150,4080,1708,3416,0.4186,0.8373
2000s,90,150,6481,2697,5394,0.4161,0.8323
2000s,110,150,7612,3139,6278,0.4124,0.8248
2000s,130,150,6854,2747,5494,0.4008,0.8016
2000s,150,150,4473,1834,3668,0.4100,0.8200
2000s,170,150,1435,578,1167,0.4028,0.8132
2000s,190,150,4676,1800,5372,0.3849,1.1488
2000s,210,150,4684,1680,5040,0.3587,1.0760
2000s,230,150,410,130,390,0.3171,0.9512
2000s,250,150,5,1,3,0.2000,0.6000
2000s,-250,170,1,1,3,1.0000,3.0000
2000s,-230,170,95,28,84,0.2947,0.8842
2000s,-210,170,1916,631,1892,0.3293,0.9875
2000s,-190,170,9093,3223,9668,0.3544,1.0632
2000s,-170,170,5480,2106,6253,0.3843,1.1411
2000s,-150,170,1880,806,1644,0.4287,0.8745
2000s,-130,170,3818,1500,3000,0.3929,0.7858
2000s,-110,170,5266,2081,4162,0.3952,0.7904
2000s,-90,170,5524,2162,4324,0.3914,0.7828
2000s,-70,170,4709,1863,3726,0.3956,0.7913
2000s,-50,170,3328,1319,2638,0.3963,0.7927
2000s,-30,170,2614,1052,2104,0.4024,0.8049
2000s,-10,170,4421,1850,3700,0.4185,0.8369
2000s,10,170,5310,2172,4344,0.4090,0.8181
2000s,30,170,2945,1156,2312,0.3925,0.7851
2000s,50,170,3338,1351,2702,0.4047,0.8095
2000s,70,170,4740,1836,3672,0.3873,0.7747
2000s,90,170,5851,2381,4762,0.4069,0.8139
2000s,110,170,6222,2522,5044,0.4053,0.8107
2000s,130,170,4622,1851,3702,0.4005,0.8010
2000s,150,170,2109,905,1857,0.4291,0.8805
2000s,170,170,5276,2052,6101,0.3889,1.1564
2000s,190,170,7997,2961,8882,0.3703,1.1107
2000s,210,170,1464,458,1374,0.3128,0.9385
2000s,230,170,64,20,60,0.3125,0.9375
2000s,250,170,1,1,3,1.0000,3.0000
2000s,-250,190,0,0,0,,
2000s,-230,190,19,7,21,0.3684,1.1053
2000s,-210,190,300,75,225,0.2500,0.7500
2000s,-190,190,2990,944,2831,0.3157,0.9468
2000s,-170,190,8844,3163,9489,0.3576,1.0729
2000s,-150,190,6125,2375,7094,0.3878,1.1582
2000s,-130,190,1348,557,1277,0.4132,0.9473
2000s,-110,190,2251,931,1862,0.4136,0.8272
2000s,-90,190,2732,1089,2178,0.3986,0.7972
2000s,-70,190,3079,1168,2336,0.3793,0.7587
2000s,-50,190,3026,1163,2326,0.3843,0.7687
2000s,-30,190,2744,1094,2188,0.3987,0.7974
2000s,-10,190,4794,2058,4116,0.4293,0.8586
2000s,10,190,6169,2637,5274,0.4275,0.8549
2000s,30,190,3354,1345,2690,0.4010,0.8020
2000s,50,190,3145,1200,2400,0.3816,0.7631
2000s,70,190,3276,1213,2427,0.3703,0.7408
2000s,90,190,3321,1287,2574,0.3875,0.7751
2000s,110,190,2807,1148,2296,0.4090,0.8180
2000s,130,190,1478,593,1318,0.4012,0.8917
2000s,150,190,6650,2543,7598,0.3824,1.1426
2000s,170,190,8740,3238,9713,0.3705,1.1113
2000s,190,190,2411,781,2343,0.3239,0.9718
2000s,210,190,290,69,207,0.2379,0.7138
2000s,230,190,13,4,12,0.3077,0.9231
2000s,250,190,1,0,0,0.0000,0.0000
2000s,-250,210,0,0,0,,
2000s,-230,210,2,0,0,0.0000,0.0000
2000s,-210,210,56,8,24,0.1429,0.4286
2000s,-190,210,672,200,600,0.2976,0.8929
2000s,-170,210,3225,1007,3021,0.3122,0.9367
2000s,-150,210,8050,2894,8681,0.3595,1.0784
2000s,-130,210,7547,2767,8298,0.3666,1.0995
2000s,-110,210,2720,1082,3144,0.3978,1.1559
2000s,-90,210,1075,430,908,0.4000,0.8447
2000s,-70,210,1498,601,1202,0.4012,0.8024
2000s,-50,210,1729,632,1264,0.3655,0.7311
2000s,-30,210,1981,706,1412,0.3564,0.7128
2000s,-10,210,3757,1512,3025,0.4024,0.8052
2000s,10,210,4623,1922,3844,0.4157,0.8315
2000s,30,210,2424,906,1812,0.3738,0.7475
2000s,50,210,1952,738,1476,0.3781,0.7561
2000s,70,210,1634,605,1210,0.3703,0.7405
2000s,90,210,1242,497,1023,0.4002,0.8237
2000s,110,210,2949,1096,3138,0.3717,1.0641
2000s,130,210,8326,3082,9240,0.3702,1.1098
2000s,150,210,8752,3124,9370,0.3569,1.0706
2000s,170,210,2835,901,2702,0.3178,0.9531
2000s,190,210,516,152,456,0.2946,0.8837
2000s,210,210,62,14,42,0.2258,0.6774
2000s,230,210,4,2,6,0.5000,1.5000
2000s,250,210,0,0,0,,
2000s,-250,230,0,0,0,,
2000s,-230,230,3,0,0,0.0000,0.0000
2000s,-210,230,27,5,15,0.1852,0.5556
2000s,-190,230,126,30,90,0.2381,0.7143
2000s,-170,230,512,142,426,0.2773,0.8320
2000s,-150,230,1872,562,1686,0.3002,0.9006
2000s,-130,230,4121,1390,4170,0.3373,1.0119
2000s,-110,230,5948,2146,6438,0.3608,1.0824
2000s,-90,230,4902,1802,5405,0.3676,1.1026
2000s,-70,230,2714,1024,3031,0.3773,1.1168
2000s,-50,230,1313,466,1270,0.3549,0.9673
2000s,-30,230,825,282,682,0.3418,0.8267
2000s,-10,230,1460,599,1305,0.4103,0.8938
2000s,10,230,1689,708,1524,0.4192,0.9023
2000s,30,230,981,381,899,0.3884,0.9164
2000s,50,230,1361,478,1303,0.3512,0.9574
2000s,70,230,2819,1046,3096,0.3711,1.0983
2000s,90,230,5258,1902,5703,0.3617,1.0846
2000s,110,230,6792,2460,7379,0.3622,1.0864
2000s,130,230,4609,1557,4671,0.3378,1.0135
2000s,150,230,2010,613,1839,0.3050,0.9149
2000s,170,230,476,131,393,0.2752,0.8256
2000s,190,230,108,27,81,0.2500,0.7500
2000s,210,230,22,2,6,0.0909,0.2727
2000s,230,230,1,0,0,0.0000,0.0000
2000s,250,230,0,0,0,,
2000s,-250,250,0,0,0,,
2000s,-230,250,3,0,0,0.0000,0.0000
2000s,-210,250,20,2,6,0.1000,0.3000
2000s,-190,250,56,10,30,0.1786,0.5357
2000s,-170,250,119,27,81,0.2269,0.6807
2000s,-150,250,261,60,180,0.2299,0.6897
2000s,-130,250,602,172,516,0.2857,0.8571
2000s,-110,250,1407,452,1356,0.3213,0.9638
2000s,-90,250,2348,804,2411,0.3424,1.0268
2000s,-70,250,3292,1080,3239,0.3281,0.9839
2000s,-50,250,3819,1315,3945,0.3443,1.0330
2000s,-30,250,4270,1491,4473,0.3492,1.0475
2000s,-10,250,7508,2810,8430,0.3743,1.1228
2000s,10,250,8884,3368,10104,0.3791,1.1373
2000s,30,250,4916,1726,5177,0.3511,1.0531
2000s,50,250,3849,1281,3843,0.3328,0.9984
2000s,70,250,3396,1164,3492,0.3428,1.0283
2000s,90,250,2567,891,2673,0.3471,1.0413
2000s,110,250,1687,566,1698,0.3355,1.0065
2000s,130,250,755,214,642,0.2834,0.8503
2000s,150,250,277,76,228,0.2744,0.8231
2000s,170,250,126,32,96,0.2540,0.7619
2000s,190,250,33,3,9,0.0909,0.2727
2000s,210,250,19,2,6,0.1053,0.3158
2000s,230,250,5,0,0,0.0000,0.0000
2000s,250,250,0,0,0,,
2000s,-250,270,0,0,0,,
2000s,-230,270,0,0,0,,
2000s,-210,270,7,2,6,0.2857,0.8571
2000s,-190,270,34,6,18,0.1765,0.5294
2000s,-170,270,56,8,24,0.1429,0.4286
2000s,-150,270,75,11,33,0.1467,0.4400
2000s,-130,270,85,16,48,0.1882,0.5647
2000s,-110,270,144,43,129,0.2986,0.8958
2000s,-90,270,257,60,180,0.2335,0.7004
2000s,-70,270,483,152,456,0.3147,0.9441
2000s,-50,270,652,183,549,0.2807,0.8420
2000s,-30,270,1085,353,1059,0.3253,0.9760
2000s,-10,270,2031,702,2106,0.3456,1.0369
2000s,10,270,2219,763,2289,0.3438,1.0315
2000s,30,270,1109,347,1040,0.3129,0.9378
2000s,50,270,683,211,633,0.3089,0.9268
2000s,70,270,441,129,387,0.2925,0.8776
2000s,90,270,297,91,273,0.3064,0.9192
2000s,110,270,187,57,171,0.3048,0.9144
2000s,130,270,107,23,69,0.2150,0.6449
2000s,150,270,58,8,24,0.1379,0.4138
2000s,170,270,45,4,12,0.0889,0.2667
2000s,190,270,28,1,3,0.0357,0.1071
2000s,210,270,15,0,0,0.0000,0.0000
2000s,230,270,5,0,0,0.0000,0.0000
2000s,250,270,0,0,0,,
2000s,-250,290,0,0,0,,
2000s,-230,290,2,0,0,0.0000,0.0000
2000s,-210,290,11,2,6,0.1818,0.5455
2000s,-190,290,39,2,6,0.0513,0.1538
2000s,-170,290,36,1,3,0.0278,0.0833
2000s,-150,290,34,5,15,0.1471,0.4412
2000s,-130,290,41,2,6,0.0488,0.1463
2000s,-110,290,24,3,9,0.1250,0.3750
2000s,-90,290,43,12,36,0.2791,0.8372
2000s,-70,290,55,7,21,0.1273,0.3818
2000s,-50,290,70,17,51,0.2429,0.7286
2000s,-30,290,106,20,60,0.1887,0.5660
2000s,-10,290,195,57,171,0.2923,0.8769
2000s,10,290,262,59,177,0.2252,0.6756
2000s,30,290,99,19,57,0.1919,0.5758
2000s,50,290,64,13,39,0.2031,0.6094
2000s,70,290,55,11,33,0.2000,0.6000
2000s,90,290,53,7,21,0.1321,0.3962
2000s,110,290,45,14,42,0.3111,0.9333
2000s,130,290,37,4,12,0.1081,0.3243
2000s,150,290,52,10,30,0.1923,0.5769
2000s,170,290,40,3,9,0.0750,0.2250
2000s,190,290,29,6,18,0.2069,0.6207
2000s,210,290,23,2,6,0.0870,0.2609
2000s,230,290,2,0,0,0.0000,0.0000
2000s,250,290,0,0,0,,
2000s,-250,310,0,0,0,,
2000s,-230,310,3,0,0,0.0000,0.0000
2000s,-210,310,16,0,0,0.0000,0.0000
2000s,-190,310,30,0,0,0.0000,0.0000
2000s,-170,310,42,4,12,0.0952,0.2857
2000s,-150,310,33,3,9,0.0909,0.2727
2000s,-130,310,17,1,3,0.0588,0.1765
2000s,-110,310,24,4,12,0.1667,0.5000
2000s,-90,310,25,3,9,0.1200,0.3600
2000s,-70,310,16,3,9,0.1875,0.5625
2000s,-50,310,26,1,3,0.0385,0.1154
2000s,-30,310,17,4,12,0.2353,0.7059
2000s,-10,310,71,11,33,0.1549,0.4648
2000s,10,310,78,14,42,0.1795,0.5385
2000s,30,310,37,4,12,0.1081,0.3243
2000s,50,310,12,1,3,0.0833,0.2500
2000s,70,310,24,4,12,0.1667,0.5000
2000s,90,310,16,3,9,0.1875,0.5625
2000s,110,310,21,4,11,0.1905,0.5238
2000s,130,310,27,3,9,0.1111,0.3333
2000s,150,310,45,2,6,0.0444,0.1333
2000s,170,310,50,12,36,0.2400,0.7200
2000s,190,310,34,2,6,0.0588,0.1765
2000s,210,310,16,2,6,0.1250,0.3750
2000s,230,310,2,0,0,0.0000,0.0000
2000s,250,310,0,0,0,,
2000s,-250,330,0,0,0,,
2000s,-230,330,5,0,0,0.0000,0.0000
2000s,-210,330,20,1,3,0.0500,0.1500
2000s,-190,330,29,2,6,0.0690,0.2069
2000s,-170,330,39,3,9,0.0769,0.2308
2000s,-150,330,32,2,6,0.0625,0.1875
2000s,-130,330,19,3,9,0.1579,0.4737
2000s,-110,330,14,1,3,0.0714,0.2143
2000s,-90,330,20,3,9,0.1500,0.4500
2000s,-70,330,17,2,6,0.1176,0.3529
2000s,-50,330,12,1,3,0.0833,0.2500
2000s,-30,330,15,2,6,0.1333,0.4000
2000s,-10,330,36,1,3,0.0278,0.0833
2000s,10,330,36,4,12,0.1111,0.3333
2000s,30,330,17,5,15,0.2941,0.8824
2000s,50,330,5,1,3,0.2000,0.6000
2000s,70,330,11,1,3,0.0909,0.2727
2000s,90,330,16,3,9,0.1875,0.5625
2000s,110,330,22,2,6,0.0909,0.2727
2000s,130,330,21,4,12,0.1905,0.5714
2000s,150,330,30,1,3,0.0333,0.1000
2000s,170,330,37,4,12,0.1081,0.3243
2000s,190,330,39,1,3,0.0256,0.0769
2000s,210,330,20,1,3,0.0500,0.1500
2000s,230,330,5,0,0,0.0000,0.0000
2000s,250,330,0,0,0,,
2000s,-250,350,0,0,0,,
2000s,-230,350,3,0,0,0.0000,0.0000
2000s,-210,350,19,0,0,0.0000,0.0000
2000s,-190,350,33,5,15,0.1515,0.4545
2000s,-170,350,29,2,6,0.0690,0.2069
2000s,-150,350,30,3,9,0.1000,0.3000
2000s,-130,350,26,1,3,0.0385,0.1154
2000s,-110,350,24,0,0,0.0000,0.0000
2000s,-90,350,20,2,6,0.1000,0.3000
2000s,-70,350,14,2,5,0.1429,0.3571
2000s,-50,350,10,0,0,0.0000,0.0000
2000s,-30,350,4,0,0,0.0000,0.0000
2000s,-10,350,32,3,9,0.0938,0.2812
2000s,10,350,40,1,3,0.0250,0.0750
2000s,30,350,13,1,3,0.0769,0.2308
2000s,50,350,8,1,3,0.1250,0.3750
2000s,70,350,14,0,0,0.0000,0.0000
2000s,90,350,15,0,0,0.0000,0.0000
2000s,110,350,20,0,0,0.0000,0.0000
2000s,130,350,22,2,6,0.0909,0.2727
2000s,150,350,37,3,9,0.0811,0.2432
2000s,170,350,31,4,12,0.1290,0.3871
2000s,190,350,39,3,9,0.0769,0.2308
2000s,210,350,27,1,3,0.0370,0.1111
2000s,230,350,5,0,0,0.0000,0.0000
2000s,250,350,0,0,0,,
2000s,-250,370,0,0,0,,
2000s,-230,370,4,0,0,0.0000,0.0000
2000s,-210,370,31,3,9,0.0968,0.2903
2000s,-190,370,49,0,0,0.0000,0.0000
2000s,-170,370,34,2,6,0.0588,0.1765
2000s,-150,370,35,1,3,0.0286,0.0857
2000s,-130,370,25,0,0,0.0000,0.0000
2000s,-110,370,25,0,0,0.0000,0.0000
2000s,-90,370,19,1,3,0.0526,0.1579
2000s,-70,370,11,0,0,0.0000,0.0000
2000s,-50,370,7,0,0,0.0000,0.0000
2000s,-30,370,7,0,0,0.0000,0.0000
2000s,-10,370,31,3,9,0.0968,0.2903
2000s,10,370,36,2,6,0.0556,0.1667
2000s,30,370,14,2,6,0.1429,0.4286
2000s,50,370,14,0,0,0.0000,0.0000
2000s,70,370,14,0,0,0.0000,0.0000
2000s,90,370,30,2,6,0.0667,0.2000
2000s,110,370,17,1,3,0.0588,0.1765
2000s,130,370,26,2,6,0.0769,0.2308
2000s,150,370,27,0,0,0.0000,0.0000
2000s,170,370,32,2,6,0.0625,0.1875
2000s,190,370,57,1,3,0.0175,0.0526
2000s,210,370,35,2,6,0.0571,0.1714
2000s,230,370,7,0,0,0.0000,0.0000
2000s,250,370,0,0,0,,
2000s,-250,390,0,0,0,,
2000s,-230,390,25,2,6,0.0800,0.2400
2000s,-210,390,54,2,6,0.0370,0.1111
2000s,-190,390,93,6,18,0.0645,0.1935
2000s,-170,390,72,3,9,0.0417,0.1250
2000s,-150,390,42,1,3,0.0238,0.0714
2000s,-130,390,40,3,9,0.0750,0.2250
2000s,-110,390,57,3,9,0.0526,0.1579
2000s,-90,390,60,2,6,0.0333,0.1000
2000s,-70,390,24,0,0,0.0000,0.0000
2000s,-50,390,13,1,3,0.0769,0.2308
2000s,-30,390,24,0,0,0.0000,0.0000
2000s,-10,390,70,2,6,0.0286,0.0857
2000s,10,390,127,4,12,0.0315,0.0945
2000s,30,390,44,0,0,0.0000,0.0000
2000s,50,390,25,0,0,0.0000,0.0000
2000s,70,390,36,2,6,0.0556,0.1667
2000s,90,390,45,0,0,0.0000,0.0000
2000s,110,390,50,2,6,0.0400,0.1200
2000s,130,390,46,3,9,0.0652,0.1957
2000s,150,390,61,3,9,0.0492,0.1475
2000s,170,390,65,2,6,0.0308,0.0923
2000s,190,390,93,2,6,0.0215,0.0645
2000s,210,390,88,3,9,0.0341,0.1023
2000s,230,390,37,2,6,0.0541,0.1622
2000s,250,390,1,0,0,0.0000,0.0000
2000s,-250,410,4,0,0,0.0000,0.0000
2000s,-230,410,26,1,3,0.0385,0.1154
2000s,-210,410,33,0,0,0.0000,0.0000
2000s,-190,410,24,0,0,0.0000,0.0000
2000s,-170,410,42,3,9,0.0714,0.2143
2000s,-150,410,29,0,0,0.0000,0.0000
2000s,-130,410,24,0,0,0.0000,0.0000
2000s,-110,410,28,1,3,0.0357,0.1071
2000s,-90,410,28,1,3,0.0357,0.1071
2000s,-70,410,30,1,3,0.0333,0.1000
2000s,-50,410,14,0,0,0.0000,0.0000
2000s,-30,410,24,1,3,0.0417,0.1250
2000s,-10,410,85,9,27,0.1059,0.3176
2000s,10,410,127,3,9,0.0236,0.0709
2000s,30,410,44,0,0,0.0000,0.0000
2000s,50,410,26,0,0,0.0000,0.0000
2000s,70,410,41,2,6,0.0488,0.1463
2000s,90,410,49,0,0,0.0000,0.0000
2000s,110,410,35,2,6,0.0571,0.1714
2000s,130,410,32,0,0,0.0000,0.0000
2000s,150,410,37,0,0,0.0000,0.0000
2000s,170,410,44,1,3,0.0227,0.0682
2000s,190,410,40,0,0,0.0000,0.0000
2000s,210,410,44,3,9,0.0682,0.2045
2000s,230,410,30,2,6,0.0667,0.2000
2000s,250,410,5,1,3,0.2000,0.6000
2010s,-250,-50,2,0,0,0.0000,0.0000
2010s,-230,-50,25,9,27,0.3600,1.0800
2010s,-210,-50,4,1,2,0.2500,0.5000
2010s,-190,-50,15,7,14,0.4667,0.9333
2010s,-170,-50,33,12,24,0.3636,0.7273
2010s,-150,-50,30,17,34,0.5667,1.1333
2010s,-130,-50,14,3,6,0.2143,0.4286
2010s,-110,-50,10,6,12,0.6000,1.2000
2010s,-90,-50,4,1,2,0.2500,0.5000
2010s,-70,-50,4,1,2,0.2500,0.5000
2010s,-50,-50,0,0,0,,
2010s,-30,-50,0,0,0,,
2010s,-10,-50,4,0,0,0.0000,0.0000
2010s,10,-50,14,0,0,0.0000,0.0000
2010s,30,-50,5,0,0,0.0000,0.0000
2010s,50,-50,4,0,0,0.0000,0.0000
2010s,70,-50,5,1,2,0.2000,0.4000
2010s,90,-50,2,1,2,0.5000,1.0000
2010s,110,-50,9,4,8,0.4444,0.8889
2010s,130,-50,11,7,14,0.6364,1.2727
2010s,150,-50,24,13,26,0.5417,1.0833
2010s,170,-50,32,12,24,0.3750,0.7500
2010s,190,-50,41,14,28,0.3415,0.6829
2010s,210,-50,8,3,6,0.3750,0.7500
2010s,230,-50,16,11,33,0.6875,2.0625
2010s,250,-50,5,4,12,0.8000,2.4000
2010s,-250,-30,266,98,294,0.3684,1.1053
2010s,-230,-30,2171,867,2601,0.3994,1.1981
2010s,-210,-30,195,75,155,0.3846,0.7949
2010s,-190,-30,376,150,300,0.3989,0.7979
2010s,-170,-30,488,215,430,0.4406,0.8811
2010s,-150,-30,350,139,278,0.3971,0.7943
2010s,-130,-30,240,110,220,0.4583,0.9167
2010s,-110,-30,138,65,130,0.4710,0.9420
2010s,-90,-30,88,35,70,0.3977,0.7955
2010s,-70,-30,53,22,44,0.4151,0.8302
2010s,-50,-30,42,6,12,0.1429,0.2857
2010s,-30,-30,55,7,14,0.1273,0.2545
2010s,-10,-30,194,93,186,0.4794,0.9588
2010s,10,-30,244,149,298,0.6107,1.2213
2010s,30,-30,92,25,50,0.2717,0.5435
2010s,50,-30,57,7,14,0.1228,0.2456
2010s,70,-30,52,16,32,0.3077,0.6154
2010s,90,-30,94,40,80,0.4255,0.8511
2010s,110,-30,167,86,172,0.5150,1.0299
2010s,130,-30,207,103,206,0.4976,0.9952
2010s,150,-30,373,168,336,0.4504,0.9008
2010s,170,-30,436,181,362,0.4151,0.8303
2010s,190,-30,355,164,328,0.4620,0.9239
2010s,210,-30,156,64,128,0.4103,0.8205
2010s,230,-30,1419,577,1731,0.4066,1.2199
2010s,250,-30,297,107,321,0.3603,1.0808
2010s,-250,-10,1348,520,1560,0.3858,1.1573
2010s,-230,-10,14357,5715,17145,0.3981,1.1942
2010s,-210,-10,1148,456,961,0.3972,0.8371
2010s,-190,-10,1818,742,1484,0.4081,0.8163
2010s,-170,-10,2548,1051,2102,0.4125,0.8250
2010s,-150,-10,2365,959,1918,0.4055,0.8110
2010s,-130,-10,1523,587,1174,0.3854,0.7708
2010s,-110,-10,1296,502,1004,0.3873,0.7747
2010s,-90,-10,975,371,742,0.3805,0.7610
2010s,-70,-10,829,331,662,0.3993,0.7986
2010s,-50,-10,749,220,440,0.2937,0.5874
2010s,-30,-10,4094,1815,3630,0.4433,0.8867
2010s,-10,-10,23470,15932,31864,0.6788,1.3576
2010s,10,-10,40922,27738,55476,0.6778,1.3557
2010s,30,-10,6721,3539,7078,0.5266,1.0531
2010s,50,-10,807,232,464,0.2875,0.5750
2010s,70,-10,700,245,490,0.3500,0.7000
2010s,90,-10,837,296,592,0.3536,0.7073
2010s,110,-10,1038,433,866,0.4171,0.8343
2010s,130,-10,1397,594,1188,0.4252,0.8504
2010s,150,-10,2046,796,1592,0.3891,0.7781
2010s,170,-10,2264,930,1860,0.4108,0.8216
2010s,190,-10,1647,660,1320,0.4007,0.8015
2010s,210,-10,924,333,668,0.3604,0.7229
2010s,230,-10,10104,3982,11945,0.3941,1.1822
2010s,250,-10,1470,597,1791,0.4061,1.2184
2010s,-250,10,1771,647,1941,0.3653,1.0960
2010s,-230,10,25228,9741,29223,0.3861,1.1584
2010s,-210,10,2098,815,1662,0.3885,0.7922
2010s,-190,10,3509,1410,2820,0.4018,0.8036
2010s,-170,10,5831,2432,4864,0.4171,0.8342
2010s,-150,10,6235,2541,5082,0.4075,0.8151
2010s,-130,10,4441,1726,3452,0.3887,0.7773
2010s,-110,10,4503,1705,3410,0.3786,0.7573
2010s,-90,10,4839,1881,3762,0.3887,0.7774
2010s,-70,10,5721,2270,4540,0.3968,0.7936
2010s,-50,10,7619,2729,5458,0.3582,0.7164
2010s,-30,10,32051,14018,28036,0.4374,0.8747
2010s,-10,10,141266,89446,178892,0.6332,1.2663
2010s,10,10,268687,182930,365860,0.6808,1.3617
2010s,30,10,51013,25614,51228,0.5021,1.0042
2010s,50,10,8728,3257,6514,0.3732,0.7463
2010s,70,10,6464,2529,5058,0.3912,0.7825
2010s,90,10,5290,2145,4290,0.4055,0.8110
2010s,110,10,4082,1553,3106,0.3805,0.7609
2010s,130,10,4216,1670,3340,0.3961,0.7922
2010s,150,10,5678,2301,4602,0.4052,0.8105
2010s,170,10,5650,2317,4634,0.4101,0.8202
2010s,190,10,3599,1479,2958,0.4109,0.8219
2010s,210,10,1936,765,1531,0.3951,0.7908
2010s,230,10,21782,8518,25546,0.3911,1.1728
2010s,250,10,2164,814,2442,0.3762,1.1285
2010s,-250,30,827,265,795,0.3204,0.9613
2010s,-230,30,13722,5187,15561,0.3780,1.1340
2010s,-210,30,1166,468,960,0.4014,0.8233
2010s,-190,30,2118,828,1656,0.3909,0.7819
2010s,-170,30,4010,1632,3264,0.4070,0.8140
2010s,-150,30,4772,1907,3814,0.3996,0.7992
2010s,-130,30,3734,1424,2848,0.3814,0.7627
2010s,-110,30,4192,1588,3176,0.3788,0.7576
2010s,-90,30,4711,1904,3808,0.4042,0.8083
2010s,-70,30,6272,2530,5060,0.4034,0.8068
2010s,-50,30,8838,3245,6490,0.3672,0.7343
2010s,-30,30,14362,5056,10112,0.3520,0.7041
2010s,-10,30,32394,14696,29392,0.4537,0.9073
2010s,10,30,42448,20414,40828,0.4809,0.9618
2010s,30,30,17209,6453,12906,0.3750,0.7500
2010s,50,30,10176,3836,7672,0.3770,0.7539
2010s,70,30,7569,3008,6016,0.3974,0.7948
2010s,90,30,5110,1947,3894,0.3810,0.7620
2010s,110,30,3532,1361,2722,0.3853,0.7707
2010s,130,30,3373,1300,2600,0.3854,0.7708
2010s,150,30,4347,1764,3528,0.4058,0.8116
2010s,170,30,3791,1542,3084,0.4068,0.8135
2010s,190,30,2318,900,1800,0.3883,0.7765
2010s,210,30,1105,404,810,0.3656,0.7330
2010s,230,30,13541,5262,15783,0.3886,1.1656
2010s,250,30,1327,495,1485,0.3730,1.1191
2010s,-250,50,369,145,435,0.3930,1.1789
2010s,-230,50,6472,2476,7428,0.3826,1.1477
2010s,-210,50,681,248,507,0.3642,0.7445
2010s,-190,50,1386,535,1070,0.3860,0.7720
2010s,-170,50,2713,1091,2182,0.4021,0.8043
2010s,-150,50,3812,1563,3126,0.4100,0.8200
2010s,-130,50,3234,1245,2490,0.3850,0.7699
2010s,-110,50,3331,1287,2574,0.3864,0.7727
2010s,-90,50,3330,1243,2486,0.3733,0.7465
2010s,-70,50,4478,1814,3628,0.4051,0.8102
2010s,-50,50,6419,2470,4940,0.3848,0.7696
2010s,-30,50,8123,3182,6364,0.3917,0.7835
2010s,-10,50,15539,6501,13002,0.4184,0.8367
2010s,10,50,20905,8857,17714,0.4237,0.8474
2010s,30,50,9339,3615,7230,0.3871,0.7742
2010s,50,50,6717,2585,5170,0.3848,0.7697
2010s,70,50,5058,2028,4056,0.4009,0.8019
2010s,90,50,3521,1369,2738,0.3888,0.7776
2010s,110,50,2787,1081,2162,0.3879,0.7757
2010s,130,50,2612,1057,2114,0.4047,0.8093
2010s,150,50,3175,1272,2544,0.4006,0.8013
2010s,170,50,2652,1048,2096,0.3952,0.7903
2010s,190,50,1492,620,1240,0.4155,0.8311
2010s,210,50,619,266,537,0.4297,0.8675
2010s,230,50,7450,2851,8550,0.3827,1.1477
2010s,250,50,687,249,747,0.3624,1.0873
2010s,-250,70,275,110,330,0.4000,1.2000
2010s,-230,70,4192,1564,4692,0.3731,1.1193
2010s,-210,70,560,207,425,0.3696,0.7589
2010s,-190,70,1375,563,1126,0.4095,0.8189
2010s,-170,70,2740,1101,2202,0.4018,0.8036
2010s,-150,70,3856,1534,3068,0.3978,0.7956
2010s,-130,70,2976,1163,2326,0.3908,0.7816
2010s,-110,70,2764,1054,2108,0.3813,0.7627
2010s,-90,70,2505,937,1874,0.3741,0.7481
2010s,-70,70,3123,1285,2570,0.4115,0.8229
2010s,-50,70,4477,1733,3466,0.3871,0.7742
2010s,-30,70,5339,2103,4206,0.3939,0.7878
2010s,-10,70,10730,4453,8906,0.4150,0.8300
2010s,10,70,14082,5880,11760,0.4176,0.8351
2010s,30,70,5957,2314,4628,0.3885,0.7769
2010s,50,70,4666,1825,3650,0.3911,0.7823
2010s,70,70,3489,1380,2760,0.3955,0.7911
2010s,90,70,2612,984,1968,0.3767,0.7534
2010s,110,70,2392,900,1800,0.3763,0.7525
2010s,130,70,2520,958,1916,0.3802,0.7603
2010s,150,70,3182,1284,2568,0.4035,0.8070
2010s,170,70,2544,1027,2054,0.4037,0.8074
2010s,190,70,1390,584,1168,0.4201,0.8403
2010s,210,70,481,176,352,0.3659,0.7318
2010s,230,70,5144,1972,5916,0.3834,1.1501
2010s,250,70,386,128,384,0.3316,0.9948
2010s,-250,90,127,44,132,0.3465,1.0394
2010s,-230,90,3026,1118,3354,0.3695,1.1084
2010s,-210,90,605,230,518,0.3802,0.8562
2010s,-190,90,1325,516,1032,0.3894,0.7789
2010s,-170,90,2636,1002,2004,0.3801,0.7602
2010s,-150,90,4111,1624,3248,0.3950,0.7901
2010s,-130,90,3397,1330,2660,0.3915,0.7830
2010s,-110,90,2671,1070,2140,0.4006,0.8012
2010s,-90,90,2048,834,1668,0.4072,0.8145
2010s,-70,90,2286,908,1816,0.3972,0.7944
2010s,-50,90,3484,1369,2738,0.3929,0.7859
2010s,-30,90,3586,1509,3018,0.4208,0.8416
2010s,-10,90,6453,2634,5268,0.4082,0.8164
2010s,10,90,8404,3440,6880,0.4093,0.8187
2010s,30,90,3963,1595,3190,0.4025,0.8049
2010s,50,90,3517,1395,2790,0.3966,0.7933
2010s,70,90,2594,1030,2060,0.3971,0.7941
2010s,90,90,2073,824,1648,0.3975,0.7950
2010s,110,90,2501,1013,2026,0.4050,0.8101
2010s,130,90,2907,1184,2368,0.4073,0.8146
2010s,150,90,3730,1485,2970,0.3981,0.7962
2010s,170,90,2698,1075,2150,0.3984,0.7969
2010s,190,90,1360,524,1048,0.3853,0.7706
2010s,210,90,464,158,326,0.3405,0.7026
2010s,230,90,3579,1361,4083,0.3803,1.1408
2010s,250,90,169,66,198,0.3905,1.1716
2010s,-250,110,80,30,90,0.3750,1.1250
2010s,-230,110,3733,1396,4188,0.3740,1.1219
2010s,-210,110,2446,938,2767,0.3835,1.1312
2010s,-190,110,889,343,686,0.3858,0.7717
2010s,-170,110,2145,821,1642,0.3828,0.7655
2010s,-150,110,4113,1653,3306,0.4019,0.8038
2010s,-130,110,3983,1560,3120,0.3917,0.7833
2010s,-110,110,3235,1285,2570,0.3972,0.7944
2010s,-90,110,2048,799,1598,0.3901,0.7803
2010s,-70,110,2407,976,1952,0.4055,0.8110
2010s,-50,110,3281,1338,2676,0.4078,0.8156
2010s,-30,110,2464,949,1898,0.3851,0.7703
2010s,-10,110,4065,1748,3496,0.4300,0.8600
2010s,10,110,5439,2342,4684,0.4306,0.8612
2010s,30,110,2779,1165,2330,0.4192,0.8384
2010s,50,110,3499,1421,2842,0.4061,0.8122
2010s,70,110,2755,1152,2304,0.4181,0.8363
2010s,90,110,2180,850,1700,0.3899,0.7798
2010s,110,110,2844,1101,2202,0.3871,0.7743
2010s,130,110,3865,1503,3006,0.3889,0.7777
2010s,150,110,4021,1618,3236,0.4024,0.8048
2010s,170,110,2267,902,1804,0.3979,0.7958
2010s,190,110,982,413,826,0.4206,0.8411
2010s,210,110,1562,568,1659,0.3636,1.0621
2010s,230,110,4242,1618,4854,0.3814,1.1443
2010s,250,110,60,24,72,0.4000,1.2000
2010s,-250,130,23,7,21,0.3043,0.9130
2010s,-230,130,2047,760,2280,0.3713,1.1138
2010s,-210,130,7322,2704,8111,0.3693,1.1078
2010s,-190,130,741,294,705,0.3968,0.9514
2010s,-170,130,1709,652,1304,0.3815,0.7630
2010s,-150,130,3775,1491,2982,0.3950,0.7899
2010s,-130,130,5246,2095,4190,0.3994,0.7987
2010s,-110,130,4926,1975,3950,0.4009,0.8019
2010s,-90,130,3431,1435,2870,0.4182,0.8365
2010s,-70,130,3370,1431,2862,0.4246,0.8493
2010s,-50,130,2334,990,1980,0.4242,0.8483
2010s,-30,130,1913,817,1634,0.4271,0.8542
2010s,-10,130,3549,1528,3056,0.4305,0.8611
2010s,10,130,4755,2035,4070,0.4280,0.8559
2010s,30,130,2203,922,1844,0.4185,0.8370
2010s,50,130,2447,1015,2030,0.4148,0.8296
2010s,70,130,3531,1529,3058,0.4330,0.8660
2010s,90,130,3904,1671,3342,0.4280,0.8560
2010s,110,130,4621,1880,3760,0.4068,0.8137
2010s,130,130,5383,2089,4178,0.3881,0.7761
2010s,150,130,4322,1748,3496,0.4044,0.8089
2010s,170,130,1883,732,1464,0.3887,0.7775
2010s,190,130,602,240,537,0.3987,0.8920
2010s,210,130,6279,2304,6911,0.3669,1.1007
2010s,230,130,2342,881,2643,0.3762,1.1285
2010s,250,130,14,4,12,0.2857,0.8571
2010s,-250,150,9,1,3,0.1111,0.3333
2010s,-230,150,495,161,483,0.3253,0.9758
2010s,-210,150,6939,2507,7521,0.3613,1.0839
2010s,-190,150,6263,2313,6929,0.3693,1.1063
2010s,-170,150,896,335,721,0.3739,0.8047
2010s,-150,150,2680,995,1990,0.3713,0.7425
2010s,-130,150,4604,1786,3572,0.3879,0.7758
2010s,-110,150,6188,2502,5004,0.4043,0.8087
2010s,-90,150,5534,2188,4376,0.3954,0.7907
2010s,-70,150,3847,1602,3204,0.4164,0.8329
2010s,-50,150,2871,1200,2400,0.4180,0.8359
2010s,-30,150,2628,1101,2202,0.4189,0.8379
2010s,-10,150,4377,1895,3790,0.4329,0.8659
2010s,10,150,6024,2606,5212,0.4326,0.8652
2010s,30,150,3002,1253,2506,0.4174,0.8348
2010s,50,150,2764,1162,2324,0.4204,0.8408
2010s,70,150,4142,1731,3462,0.4179,0.8358
2010s,90,150,6144,2575,5150,0.4191,0.8382
2010s,110,150,6623,2633,5266,0.3976,0.7951
2010s,130,150,5437,2089,4178,0.3842,0.7684
2010s,150,150,3202,1235,2470,0.3857,0.7714
2010s,170,150,975,367,743,0.3764,0.7621
2010s,190,150,4786,1750,5233,0.3656,1.0934
2010s,210,150,6566,2318,6954,0.3530,1.0591
2010s,230,150,543,204,612,0.3757,1.1271
2010s,250,150,0,0,0,,
2010s,-250,170,2,2,6,1.0000,3.0000
2010s,-230,170,110,40,120,0.3636,1.0909
2010s,-210,170,2453,837,2511,0.3412,1.0236
2010s,-190,170,9359,3342,10026,0.3571,1.0713
2010s,-170,170,6719,2495,7461,0.3713,1.1104
2010s,-150,170,1074,416,869,0.3873,0.8091
2010s,-130,170,2381,900,1800,0.3780,0.7560
2010s,-110,170,4460,1728,3456,0.3874,0.7749
2010s,-90,170,5039,2050,4100,0.4068,0.8137
2010s,-70,170,4434,1818,3636,0.4100,0.8200
2010s,-50,170,3903,1631,3262,0.4179,0.8358
2010s,-30,170,3233,1328,2656,0.4108,0.8215
2010s,-10,170,4384,1848,3696,0.4215,0.8431
2010s,10,170,5641,2300,4600,0.4077,0.8155
2010s,30,170,3500,1470,2940,0.4200,0.8400
2010s,50,170,4042,1651,3302,0.4085,0.8169
2010s,70,170,4716,1911,3822,0.4052,0.8104
2010s,90,170,5603,2188,4376,0.3905,0.7810
2010s,110,170,4966,1880,3760,0.3786,0.7571
2010s,130,170,3279,1239,2478,0.3779,0.7557
2010s,150,170,1306,526,1067,0.4028,0.8170
2010s,170,170,4845,1817,5403,0.3750,1.1152
2010s,190,170,9415,3375,10125,0.3585,1.0754
2010s,210,170,2204,748,2244,0.3394,1.0181
2010s,230,170,108,33,99,0.3056,0.9167
2010s,250,170,1,0,0,0.0000,0.0000
2010s,-250,190,3,1,3,0.3333,1.0000
2010s,-230,190,20,5,15,0.2500,0.7500
2010s,-210,190,601,208,624,0.3461,1.0383
2010s,-190,190,3904,1324,3972,0.3391,1.0174
2010s,-170,190,12301,4278,12834,0.3478,1.0433
2010s,-150,190,7822,2858,8563,0.3654,1.0947
2010s,-130,190,930,350,820,0.3763,0.8817
2010s,-110,190,1901,704,1408,0.3703,0.7407
2010s,-90,190,2554,998,1996,0.3908,0.7815
2010s,-70,190,3089,1169,2338,0.3784,0.7569
2010s,-50,190,3514,1409,2818,0.4010,0.8019
2010s,-30,190,3648,1447,2894,0.3967,0.7933
2010s,-10,190,4815,1965,3930,0.4081,0.8162
2010s,10,190,6463,2657,5314,0.4111,0.8222
2010s,30,190,4160,1664,3328,0.4000,0.8000
2010s,50,190,3955,1627,3254,0.4114,0.8228
2010s,70,190,3504,1415,2830,0.4038,0.8076
2010s,90,190,3160,1188,2376,0.3759,0.7519
2010s,110,190,2269,809,1618,0.3565,0.7131
2010s,130,190,1143,415,895,0.3631,0.7830
2010s,150,190,6584,2450,7316,0.3721,1.1112
2010s,170,190,12717,4637,13911,0.3646,1.0939
2010s,190,190,3796,1304,3912,0.3435,1.0306
2010s,210,190,427,125,375,0.2927,0.8782
2010s,230,190,29,9,27,0.3103,0.9310
2010s,250,190,1,1,3,1.0000,3.0000
2010s,-250,210,1,0,0,0.0000,0.0000
2010s,-230,210,11,1,3,0.0909,0.2727
2010s,-210,210,150,45,135,0.3000,0.9000
2010s,-190,210,1093,367,1101,0.3358,1.0073
2010s,-170,210,5030,1726,5178,0.3431,1.0294
2010s,-150,210,12672,4465,13395,0.3524,1.0571
2010s,-130,210,10721,3800,11399,0.3544,1.0632
2010s,-110,210,3438,1226,3587,0.3566,1.0433
2010s,-90,210,925,348,742,0.3762,0.8022
2010s,-70,210,1314,481,962,0.3661,0.7321
2010s,-50,210,1664,606,1212,0.3642,0.7284
2010s,-30,210,1974,740,1480,0.3749,0.7497
2010s,-10,210,3052,1157,2314,0.3791,0.7582
2010s,10,210,4177,1624,3248,0.3888,0.7776
2010s,30,210,2416,940,1880,0.3891,0.7781
2010s,50,210,1950,710,1420,0.3641,0.7282
2010s,70,210,1631,563,1126,0.3452,0.6904
2010s,90,210,1173,412,863,0.3512,0.7357
2010s,110,210,3067,1115,3211,0.3635,1.0470
2010s,130,210,11124,4016,12045,0.3610,1.0828
2010s,150,210,13614,4787,14361,0.3516,1.0549
2010s,170,210,5283,1828,5484,0.3460,1.0380
2010s,190,210,925,308,924,0.3330,0.9989
2010s,210,210,120,31,93,0.2583,0.7750
2010s,230,210,8,2,6,0.2500,0.7500
2010s,250,210,0,0,0,,
2010s,-250,230,0,0,0,,
2010s,-230,230,9,1,3,0.1111,0.3333
2010s,-210,230,59,20,60,0.3390,1.0169
2010s,-190,230,259,70,210,0.2703,0.8108
2010s,-170,230,1159,365,1095,0.3149,0.9448
2010s,-150,230,3815,1236,3708,0.3240,0.9720
2010s,-130,230,8116,2723,8169,0.3355,1.0065
2010s,-110,230,12030,4200,12600,0.3491,1.0474
2010s,-90,230,8375,2990,8969,0.3570,1.0709
2010s,-70,230,3984,1396,4165,0.3504,1.0454
2010s,-50,230,1600,597,1704,0.3731,1.0650
2010s,-30,230,883,331,840,0.3749,0.9513
2010s,-10,230,1110,407,914,0.3667,0.8234
2010s,10,230,1422,499,1117,0.3509,0.7855
2010s,30,230,1060,371,948,0.3500,0.8943
2010s,50,230,1790,632,1784,0.3531,0.9966
2010s,70,230,4300,1441,4289,0.3351,0.9974
2010s,90,230,9359,3385,10152,0.3617,1.0847
2010s,110,230,13013,4574,13722,0.3515,1.0545
2010s,130,230,9192,3210,9630,0.3492,1.0477
2010s,150,230,3701,1215,3645,0.3283,0.9849
2010s,170,230,1019,301,903,0.2954,0.8862
2010s,190,230,261,67,201,0.2567,0.7701
2010s,210,230,50,9,27,0.1800,0.5400
2010s,230,230,11,1,3,0.0909,0.2727
2010s,250,230,0,0,0,,
2010s,-250,250,0,0,0,,
2010s,-230,250,4,0,0,0.0000,0.0000
2010s,-210,250,27,7,21,0.2593,0.7778
2010s,-190,250,72,14,42,0.1944,0.5833
2010s,-170,250,295,87,261,0.2949,0.8847
2010s,-150,250,730,206,618,0.2822,0.8466
2010s,-130,250,1531,461,1383,0.3011,0.9033
2010s,-110,250,3305,1079,3237,0.3265,0.9794
2010s,-90,250,5264,1806,5418,0.3431,1.0293
2010s,-70,250,6542,2260,6780,0.3455,1.0364
2010s,-50,250,7222,2542,7626,0.3520,1.0559
2010s,-30,250,6996,2533,7599,0.3621,1.0862
2010s,-10,250,10312,3667,11001,0.3556,1.0668
2010s,10,250,12132,4386,13158,0.3615,1.0846
2010s,30,250,7898,2809,8427,0.3557,1.0670
2010s,50,250,7649,2653,7959,0.3468,1.0405
2010s,70,250,7515,2640,7920,0.3513,1.0539
2010s,90,250,5934,1993,5979,0.3359,1.0076
2010s,110,250,3258,1143,3429,0.3508,1.0525
2010s,130,250,1527,497,1491,0.3255,0.9764
2010s,150,250,645,193,579,0.2992,0.8977
2010s,170,250,258,72,216,0.2791,0.8372
2010s,190,250,75,19,57,0.2533,0.7600
2010s,210,250,21,5,15,0.2381,0.7143
2010s,230,250,6,1,3,0.1667,0.5000
2010s,250,250,1,0,0,0.0000,0.0000
2010s,-250,270,0,0,0,,
2010s,-230,270,3,0,0,0.0000,0.0000
2010s,-210,270,12,3,9,0.2500,0.7500
2010s,-190,270,40,5,15,0.1250,0.3750
2010s,-170,270,98,23,69,0.2347,0.7041
2010s,-150,270,155,33,99,0.2129,0.6387
2010s,-130,270,313,83,249,0.2652,0.7955
2010s,-110,270,490,131,393,0.2673,0.8020
2010s,-90,270,805,254,762,0.3155,0.9466
2010s,-70,270,1151,398,1194,0.3458,1.0374
2010s,-50,270,1695,533,1599,0.3145,0.9434
2010s,-30,270,2406,828,2484,0.3441,1.0324
2010s,-10,270,4036,1423,4269,0.3526,1.0577
2010s,10,270,4547,1546,4638,0.3400,1.0200
2010s,30,270,2366,794,2382,0.3356,1.0068
2010s,50,270,1593,543,1629,0.3409,1.0226
2010s,70,270,1205,374,1122,0.3104,0.9311
2010s,90,270,817,248,744,0.3035,0.9106
2010s,110,270,479,150,450,0.3132,0.9395
2010s,130,270,301,87,261,0.2890,0.8671
2010s,150,270,164,37,111,0.2256,0.6768
2010s,170,270,94,19,57,0.2021,0.6064
2010s,190,270,52,8,24,0.1538,0.4615
2010s,210,270,17,0,0,0.0000,0.0000
2010s,230,270,8,0,0,0.0000,0.0000
2010s,250,270,0,0,0,,
2010s,-250,290,0,0,0,,
2010s,-230,290,0,0,0,,
2010s,-210,290,8,2,6,0.2500,0.7500
2010s,-190,290,33,1,3,0.0303,0.0909
2010s,-170,290,54,5,15,0.0926,0.2778
2010s,-150,290,48,13,39,0.2708,0.8125
2010s,-130,290,83,26,78,0.3133,0.9398
2010s,-110,290,87,22,66,0.2529,0.7586
2010s,-90,290,131,39,117,0.2977,0.8931
2010s,-70,290,178,48,144,0.2697,0.8090
2010s,-50,290,206,60,180,0.2913,0.8738
2010s,-30,290,249,81,243,0.3253,0.9759
2010s,-10,290,524,141,423,0.2691,0.8073
2010s,10,290,588,174,522,0.2959,0.8878
2010s,30,290,267,77,231,0.2884,0.8652
2010s,50,290,175,43,129,0.2457,0.7371
2010s,70,290,136,32,96,0.2353,0.7059
2010s,90,290,111,27,81,0.2432,0.7297
2010s,110,290,91,19,57,0.2088,0.6264
2010s,130,290,84,24,72,0.2857,0.8571
2010s,150,290,74,14,42,0.1892,0.5676
2010s,170,290,54,8,24,0.1481,0.4444
2010s,190,290,32,6,18,0.1875,0.5625
2010s,210,290,17,3,9,0.1765,0.5294
2010s,230,290,4,1,3,0.2500,0.7500
2010s,250,290,0,0,0,,
2010s,-250,310,0,0,0,,
2010s,-230,310,1,0,0,0.0000,0.0000
2010s,-210,310,10,1,3,0.1000,0.3000
2010s,-190,310,29,3,9,0.1034,0.3103
2010s,-170,310,35,5,15,0.1429,0.4286
2010s,-150,310,34,1,3,0.0294,0.0882
2010s,-130,310,32,3,9,0.0938,0.2812
2010s,-110,310,45,9,27,0.2000,0.6000
2010s,-90,310,36,9,27,0.2500,0.7500
2010s,-70,310,35,7,21,0.2000,0.6000
2010s,-50,310,36,9,27,0.2500,0.7500
2010s,-30,310,49,7,21,0.1429,0.4286
2010s,-10,310,129,34,102,0.2636,0.7907
2010s,10,310,176,45,135,0.2557,0.7670
2010s,30,310,54,11,33,0.2037,0.6111
2010s,50,310,43,13,39,0.3023,0.9070
2010s,70,310,56,7,21,0.1250,0.3750
2010s,90,310,46,11,33,0.2391,0.7174
2010s,110,310,33,7,21,0.2121,0.6364
2010s,130,310,54,5,15,0.0926,0.2778
2010s,150,310,43,9,27,0.2093,0.6279
2010s,170,310,44,4,12,0.0909,0.2727
2010s,190,310,23,3,9,0.1304,0.3913
2010s,210,310,13,2,6,0.1538,0.4615
2010s,230,310,2,0,0,0.0000,0.0000
2010s,250,310,0,0,0,,
2010s,-250,330,0,0,0,,
2010s,-230,330,1,0,0,0.0000,0.0000
2010s,-210,330,11,0,0,0.0000,0.0000
2010s,-190,330,26,3,9,0.1154,0.3462
2010s,-170,330,47,5,15,0.1064,0.3191
2010s,-150,330,33,5,15,0.1515,0.4545
2010s,-130,330,27,1,3,0.0370,0.1111
2010s,-110,330,26,2,6,0.0769,0.2308
2010s,-90,330,29,3,9,0.1034,0.3103
2010s,-70,330,25,5,15,0.2000,0.6000
2010s,-50,330,21,3,9,0.1429,0.4286
2010s,-30,330,21,7,21,0.3333,1.0000
2010s,-10,330,53,12,36,0.2264,0.6792
2010s,10,330,77,18,54,0.2338,0.7013
2010s,30,330,28,6,18,0.2143,0.6429
2010s,50,330,21,3,9,0.1429,0.4286
2010s,70,330,25,3,9,0.1200,0.3600
2010s,90,330,19,1,3,0.0526,0.1579
2010s,110,330,25,2,6,0.0800,0.2400
2010s,130,330,24,3,9,0.1250,0.3750
2010s,150,330,30,1,3,0.0333,0.1000
2010s,170,330,46,1,3,0.0217,0.0652
2010s,190,330,30,2,6,0.0667,0.2000
2010s,210,330,11,1,3,0.0909,0.2727
2010s,230,330,5,0,0,0.0000,0.0000
2010s,250,330,0,0,0,,
2010s,-250,350,0,0,0,,
2010s,-230,350,0,0,0,,
2010s,-210,350,19,1,3,0.0526,0.1579
2010s,-190,350,38,3,9,0.0789,0.2368
2010s,-170,350,42,0,0,0.0000,0.0000
2010s,-150,350,23,2,6,0.0870,0.2609
2010s,-130,350,17,1,3,0.0588,0.1765
2010s,-110,350,16,0,0,0.0000,0.0000
2010s,-90,350,14,0,0,0.0000,0.0000
2010s,-70,350,12,0,0,0.0000,0.0000
2010s,-50,350,13,1,3,0.0769,0.2308
2010s,-30,350,13,3,9,0.2308,0.6923
2010s,-10,350,39,3,9,0.0769,0.2308
2010s,10,350,58,6,18,0.1034,0.3103
2010s,30,350,13,2,6,0.1538,0.4615
2010s,50,350,8,0,0,0.0000,0.0000
2010s,70,350,9,0,0,0.0000,0.0000
2010s,90,350,18,1,3,0.0556,0.1667
2010s,110,350,23,1,3,0.0435,0.1304
2010s,130,350,28,0,0,0.0000,0.0000
2010s,150,350,34,3,9,0.0882,0.2647
2010s,170,350,47,5,15,0.1064,0.3191
2010s,190,350,37,2,6,0.0541,0.1622
2010s,210,350,14,1,3,0.0714,0.2143
2010s,230,350,2,0,0,0.0000,0.0000
2010s,250,350,0,0,0,,
2010s,-250,370,0,0,0,,
2010s,-230,370,0,0,0,,
2010s,-210,370,29,1,3,0.0345,0.1034
2010s,-190,370,43,3,9,0.0698,0.2093
2010s,-170,370,37,1,3,0.0270,0.0811
2010s,-150,370,27,4,12,0.1481,0.4444
2010s,-130,370,22,0,0,0.0000,0.0000
2010s,-110,370,18,0,0,0.0000,0.0000
2010s,-90,370,12,1,3,0.0833,0.2500
2010s,-70,370,11,1,3,0.0909,0.2727
2010s,-50,370,5,0,0,0.0000,0.0000
2010s,-30,370,15,1,3,0.0667,0.2000
2010s,-10,370,36,1,3,0.0278,0.0833
2010s,10,370,51,4,12,0.0784,0.2353
2010s,30,370,12,1,3,0.0833,0.2500
2010s,50,370,9,0,0,0.0000,0.0000
2010s,70,370,12,1,3,0.0833,0.2500
2010s,90,370,17,2,6,0.1176,0.3529
2010s,110,370,19,0,0,0.0000,0.0000
2010s,130,370,18,1,3,0.0556,0.1667
2010s,150,370,32,2,6,0.0625,0.1875
2010s,170,370,54,5,15,0.0926,0.2778
2010s,190,370,32,2,6,0.0625,0.1875
2010s,210,370,23,0,0,0.0000,0.0000
2010s,230,370,4,0,0,0.0000,0.0000
2010s,250,370,0,0,0,,
2010s,-250,390,0,0,0,,
2010s,-230,390,10,0,0,0.0000,0.0000
2010s,-210,390,35,1,3,0.0286,0.0857
2010s,-190,390,38,0,0,0.0000,0.0000
2010s,-170,390,32,0,0,0.0000,0.0000
2010s,-150,390,31,1,3,0.0323,0.0968
2010s,-130,390,32,1,3,0.0312,0.0938
2010s,-110,390,20,1,3,0.0500,0.1500
2010s,-90,390,22,0,0,0.0000,0.0000
2010s,-70,390,22,1,3,0.0455,0.1364
2010s,-50,390,19,1,3,0.0526,0.1579
2010s,-30,390,28,1,3,0.0357,0.1071
2010s,-10,390,55,3,9,0.0545,0.1636
2010s,10,390,90,5,15,0.0556,0.1667
2010s,30,390,35,0,0,0.0000,0.0000
2010s,50,390,30,2,6,0.0667,0.2000
2010s,70,390,28,0,0,0.0000,0.0000
2010s,90,390,28,1,3,0.0357,0.1071
2010s,110,390,18,1,3,0.0556,0.1667
2010s,130,390,40,0,0,0.0000,0.0000
2010s,150,390,28,1,3,0.0357,0.1071
2010s,170,390,46,1,3,0.0217,0.0652
2010s,190,390,33,3,9,0.0909,0.2727
2010s,210,390,36,1,3,0.0278,0.0833
2010s,230,390,12,0,0,0.0000,0.0000
2010s,250,390,0,0,0,,
2010s,-250,410,0,0,0,,
2010s,-230,410,3,0,0,0.0000,0.0000
2010s,-210,410,13,1,3,0.0769,0.2308
2010s,-190,410,26,2,6,0.0769,0.2308
2010s,-170,410,24,0,0,0.0000,0.0000
2010s,-150,410,18,0,0,0.0000,0.0000
2010s,-130,410,11,1,3,0.0909,0.2727
2010s,-110,410,23,2,6,0.0870,0.2609
2010s,-90,410,18,0,0,0.0000,0.0000
2010s,-70,410,15,1,3,0.0667,0.2000
2010s,-50,410,8,1,3,0.1250,0.3750
2010s,-30,410,17,0,0,0.0000,0.0000
2010s,-10,410,64,1,3,0.0156,0.0469
2010s,10,410,104,6,18,0.0577,0.1731
2010s,30,410,25,1,3,0.0400,0.1200
2010s,50,410,19,1,3,0.0526,0.1579
2010s,70,410,18,0,0,0.0000,0.0000
2010s,90,410,24,1,3,0.0417,0.1250
2010s,110,410,22,1,3,0.0455,0.1364
2010s,130,410,19,0,0,0.0000,0.0000
2010s,150,410,28,1,3,0.0357,0.1071
2010s,170,410,30,2,6,0.0667,0.2000
2010s,190,410,25,0,0,0.0000,0.0000
2010s,210,410,24,1,3,0.0417,0.1250
2010s,230,410,14,1,3,0.0714,0.2143
2010s,250,410,0,0,0,,
2020s,-250,-50,2,0,0,0.0000,0.0000
2020s,-230,-50,37,21,63,0.5676,1.7027
2020s,-210,-50,1,0,0,0.0000,0.0000
2020s,-190,-50,0,0,0,,
2020s,-170,-50,0,0,0,,
2020s,-150,-50,0,0,0,,
2020s,-130,-50,0,0,0,,
2020s,-110,-50,3,1,2,0.3333,0.6667
2020s,-90,-50,1,0,0,0.0000,0.0000
2020s,-70,-50,0,0,0,,
2020s,-50,-50,1,0,0,0.0000,0.0000
2020s,-30,-50,1,0,0,0.0000,0.0000
2020s,-10,-50,10,0,0,0.0000,0.0000
2020s,10,-50,7,0,0,0.0000,0.0000
2020s,30,-50,2,0,0,0.0000,0.0000
2020s,50,-50,0,0,0,,
2020s,70,-50,0,0,0,,
2020s,90,-50,1,0,0,0.0000,0.0000
2020s,110,-50,5,3,6,0.6000,1.2000
2020s,130,-50,2,0,0,0.0000,0.0000
2020s,150,-50,1,0,0,0.0000,0.0000
2020s,170,-50,2,1,2,0.5000,1.0000
2020s,190,-50,2,2,4,1.0000,2.0000
2020s,210,-50,0,0,0,,
2020s,230,-50,6,3,9,0.5000,1.5000
2020s,250,-50,0,0,0,,
2020s,-250,-30,65,27,81,0.4154,1.2462
2020s,-230,-30,2210,862,2586,0.3900,1.1701
2020s,-210,-30,45,17,41,0.3778,0.9111
2020s,-190,-30,38,15,30,0.3947,0.7895
2020s,-170,-30,24,6,12,0.2500,0.5000
2020s,-150,-30,43,24,48,0.5581,1.1163
2020s,-130,-30,66,24,48,0.3636,0.7273
2020s,-110,-30,63,34,68,0.5397,1.0794
2020s,-90,-30,41,18,36,0.4390,0.8780
2020s,-70,-30,24,11,22,0.4583,0.9167
2020s,-50,-30,24,5,10,0.2083,0.4167
2020s,-30,-30,16,5,10,0.3125,0.6250
2020s,-10,-30,28,13,26,0.4643,0.9286
2020s,10,-30,47,24,48,0.5106,1.0213
2020s,30,-30,14,5,10,0.3571,0.7143
2020s,50,-30,24,11,22,0.4583,0.9167
2020s,70,-30,18,9,18,0.5000,1.0000
2020s,90,-30,42,16,32,0.3810,0.7619
2020s,110,-30,69,23,46,0.3333,0.6667
2020s,130,-30,81,45,90,0.5556,1.1111
2020s,150,-30,69,34,68,0.4928,0.9855
2020s,170,-30,39,12,24,0.3077,0.6154
2020s,190,-30,28,9,18,0.3214,0.6429
2020s,210,-30,17,10,22,0.5882,1.2941
2020s,230,-30,866,339,1017,0.3915,1.1744
2020s,250,-30,48,22,66,0.4583,1.3750
2020s,-250,-10,486,193,579,0.3971,1.1914
2020s,-230,-10,14364,5622,16866,0.3914,1.1742
2020s,-210,-10,304,126,295,0.4145,0.9704
2020s,-190,-10,254,100,200,0.3937,0.7874
2020s,-170,-10,295,107,214,0.3627,0.7254
2020s,-150,-10,471,199,398,0.4225,0.8450
2020s,-130,-10,578,249,498,0.4308,0.8616
2020s,-110,-10,649,257,514,0.3960,0.7920
2020s,-90,-10,573,242,484,0.4223,0.8447
2020s,-70,-10,391,159,318,0.4066,0.8133
2020s,-50,-10,552,209,418,0.3786,0.7572
2020s,-30,-10,2403,1299,2598,0.5406,1.0811
2020s,-10,-10,10541,8293,16586,0.7867,1.5735
2020s,10,-10,15865,11472,22944,0.7231,1.4462
2020s,30,-10,2475,1418,2836,0.5729,1.1459
2020s,50,-10,533,226,452,0.4240,0.8480
2020s,70,-10,395,162,324,0.4101,0.8203
2020s,90,-10,535,212,424,0.3963,0.7925
2020s,110,-10,673,276,552,0.4101,0.8202
2020s,130,-10,673,303,606,0.4502,0.9004
2020s,150,-10,558,229,458,0.4104,0.8208
2020s,170,-10,342,138,276,0.4035,0.8070
2020s,190,-10,237,83,166,0.3502,0.7004
2020s,210,-10,179,58,121,0.3240,0.6760
2020s,230,-10,8058,3179,9537,0.3945,1.1835
2020s,250,-10,310,130,390,0.4194,1.2581
2020s,-250,10,607,226,678,0.3723,1.1170
2020s,-230,10,21677,8405,25215,0.3877,1.1632
2020s,-210,10,507,203,474,0.4004,0.9349
2020s,-190,10,460,169,338,0.3674,0.7348
2020s,-170,10,656,278,556,0.4238,0.8476
2020s,-150,10,1160,501,1002,0.4319,0.8638
2020s,-130,10,1496,600,1200,0.4011,0.8021
2020s,-110,10,1659,711,1422,0.4286,0.8571
2020s,-90,10,1689,677,1354,0.4008,0.8017
2020s,-70,10,1976,820,1640,0.4150,0.8300
2020s,-50,10,4336,1782,3564,0.4110,0.8220
2020s,-30,10,23922,12544,25088,0.5244,1.0487
2020s,-10,10,85198,61621,123242,0.7233,1.4465
2020s,10,10,130009,92860,185720,0.7143,1.4285
2020s,30,10,29439,16146,32292,0.5485,1.0969
2020s,50,10,5669,2436,4872,0.4297,0.8594
2020s,70,10,2295,975,1950,0.4248,0.8497
2020s,90,10,1858,756,1512,0.4069,0.8138
2020s,110,10,1719,738,1476,0.4293,0.8586
2020s,130,10,1574,668,1336,0.4244,0.8488
2020s,150,10,1235,506,1012,0.4097,0.8194
2020s,170,10,651,269,538,0.4132,0.8264
2020s,190,10,435,178,356,0.4092,0.8184
2020s,210,10,342,151,321,0.4415,0.9386
2020s,230,10,17748,6892,20676,0.3883,1.1650
2020s,250,10,738,275,825,0.3726,1.1179
2020s,-250,30,372,148,444,0.3978,1.1935
2020s,-230,30,13282,5231,15693,0.3938,1.1815
2020s,-210,30,305,105,231,0.3443,0.7574
2020s,-190,30,379,141,282,0.3720,0.7441
2020s,-170,30,585,230,460,0.3932,0.7863
2020s,-150,30,997,415,830,0.4162,0.8325
2020s,-130,30,1290,495,990,0.3837,0.7674
2020s,-110,30,1512,613,1226,0.4054,0.8108
2020s,-90,30,1840,769,1538,0.4179,0.8359
2020s,-70,30,2841,1171,2342,0.4122,0.8244
2020s,-50,30,6215,2358,4716,0.3794,0.7588
2020s,-30,30,17360,7563,15126,0.4357,0.8713
2020s,-10,30,33214,18423,36846,0.5547,1.1094
2020s,10,30,36834,20789,41578,0.5644,1.1288
2020s,30,30,20623,9335,18670,0.4526,0.9053
2020s,50,30,8330,3397,6794,0.4078,0.8156
2020s,70,30,3682,1535,3070,0.4169,0.8338
2020s,90,30,1994,863,1726,0.4328,0.8656
2020s,110,30,1617,666,1332,0.4119,0.8237
2020s,130,30,1229,482,964,0.3922,0.7844
2020s,150,30,1031,463,926,0.4491,0.8982
2020s,170,30,527,215,430,0.4080,0.8159
2020s,190,30,349,119,238,0.3410,0.6819
2020s,210,30,249,99,208,0.3976,0.8353
2020s,230,30,14306,5635,16905,0.3939,1.1817
2020s,250,30,690,251,753,0.3638,1.0913
2020s,-250,50,192,70,210,0.3646,1.0938
2020s,-230,50,6828,2576,7728,0.3773,1.1318
2020s,-210,50,163,69,160,0.4233,0.9816
2020s,-190,50,268,93,186,0.3470,0.6940
2020s,-170,50,426,183,366,0.4296,0.8592
2020s,-150,50,748,305,610,0.4078,0.8155
2020s,-130,50,1059,444,888,0.4193,0.8385
2020s,-110,50,1289,555,1110,0.4306,0.8611
2020s,-90,50,1759,725,1450,0.4122,0.8243
2020s,-70,50,2579,1085,2170,0.4207,0.8414
2020s,-50,50,4509,1759,3518,0.3901,0.7802
2020s,-30,50,7841,3170,6340,0.4043,0.8086
2020s,-10,50,13198,5830,11660,0.4417,0.8835
2020s,10,50,14366,6453,12906,0.4492,0.8984
2020s,30,50,9006,3755,7510,0.4169,0.8339
2020s,50,50,5495,2208,4416,0.4018,0.8036
2020s,70,50,3195,1334,2668,0.4175,0.8351
2020s,90,50,1909,828,1656,0.4337,0.8675
2020s,110,50,1226,493,986,0.4021,0.8042
2020s,130,50,899,345,690,0.3838,0.7675
2020s,150,50,823,363,726,0.4411,0.8821
2020s,170,50,391,155,310,0.3964,0.7928
2020s,190,50,257,97,194,0.3774,0.7549
2020s,210,50,168,57,121,0.3393,0.7202
2020s,230,50,9177,3515,10545,0.3830,1.1491
2020s,250,50,412,136,408,0.3301,0.9903
2020s,-250,70,107,40,120,0.3738,1.1215
2020s,-230,70,4448,1716,5148,0.3858,1.1574
2020s,-210,70,159,58,128,0.3648,0.8050
2020s,-190,70,211,81,162,0.3839,0.7678
2020s,-170,70,361,139,278,0.3850,0.7701
2020s,-150,70,631,239,478,0.3788,0.7575
2020s,-130,70,905,361,722,0.3989,0.7978
2020s,-110,70,1143,442,884,0.3867,0.7734
2020s,-90,70,1520,627,1254,0.4125,0.8250
2020s,-70,70,2205,928,1856,0.4209,0.8417
2020s,-50,70,3618,1529,3058,0.4226,0.8452
2020s,-30,70,5357,2263,4526,0.4224,0.8449
2020s,-10,70,9566,4325,8650,0.4521,0.9042
2020s,10,70,10182,4509,9018,0.4428,0.8857
2020s,30,70,5681,2481,4962,0.4367,0.8734
2020s,50,70,3881,1692,3384,0.4360,0.8719
2020s,70,70,2515,1089,2178,0.4330,0.8660
2020s,90,70,1531,648,1296,0.4233,0.8465
2020s,110,70,1159,476,952,0.4107,0.8214
2020s,130,70,842,333,666,0.3955,0.7910
2020s,150,70,646,265,530,0.4102,0.8204
2020s,170,70,380,154,308,0.4053,0.8105
2020s,190,70,241,70,140,0.2905,0.5809
2020s,210,70,144,49,102,0.3403,0.7083
2020s,230,70,6352,2383,7149,0.3752,1.1255
2020s,250,70,277,111,333,0.4007,1.2022
2020s,-250,90,63,22,66,0.3492,1.0476
2020s,-230,90,3146,1201,3603,0.3818,1.1453
2020s,-210,90,228,89,212,0.3904,0.9298
2020s,-190,90,237,103,206,0.4346,0.8692
2020s,-170,90,349,132,264,0.3782,0.7564
2020s,-150,90,600,251,502,0.4183,0.8367
2020s,-130,90,892,350,700,0.3924,0.7848
2020s,-110,90,1097,452,904,0.4120,0.8241
2020s,-90,90,1442,589,1178,0.4085,0.8169
2020s,-70,90,1903,862,1724,0.4530,0.9059
2020s,-50,90,3050,1321,2642,0.4331,0.8662
2020s,-30,90,3983,1784,3568,0.4479,0.8958
2020s,-10,90,6025,2683,5366,0.4453,0.8906
2020s,10,90,6560,2922,5844,0.4454,0.8909
2020s,30,90,4340,1924,3848,0.4433,0.8866
2020s,50,90,3409,1539,3078,0.4515,0.9029
2020s,70,90,2056,920,1840,0.4475,0.8949
2020s,90,90,1454,645,1290,0.4436,0.8872
2020s,110,90,1156,496,992,0.4291,0.8581
2020s,130,90,883,375,750,0.4247,0.8494
2020s,150,90,657,268,536,0.4079,0.8158
2020s,170,90,342,134,268,0.3918,0.7836
2020s,190,90,200,84,168,0.4200,0.8400
2020s,210,90,149,61,146,0.4094,0.9799
2020s,230,90,3884,1427,4281,0.3674,1.1022
2020s,250,90,137,48,144,0.3504,1.0511
2020s,-250,110,31,13,39,0.4194,1.2581
2020s,-230,110,3330,1217,3651,0.3655,1.0964
2020s,-210,110,1057,393,1163,0.3718,1.1003
2020s,-190,110,233,92,184,0.3948,0.7897
2020s,-170,110,323,121,242,0.3746,0.7492
2020s,-150,110,623,261,522,0.4189,0.8379
2020s,-130,110,918,378,756,0.4118,0.8235
2020s,-110,110,1228,526,1052,0.4283,0.8567
2020s,-90,110,1362,580,1160,0.4258,0.8517
2020s,-70,110,1864,839,1678,0.4501,0.9002
2020s,-50,110,3203,1457,2914,0.4549,0.9098
2020s,-30,110,3274,1450,2900,0.4429,0.8858
2020s,-10,110,4952,2299,4598,0.4643,0.9285
2020s,10,110,5217,2437,4874,0.4671,0.9343
2020s,30,110,3614,1648,3296,0.4560,0.9120
2020s,50,110,3495,1587,3174,0.4541,0.9082
2020s,70,110,2181,961,1922,0.4406,0.8812
2020s,90,110,1523,683,1366,0.4485,0.8969
2020s,110,110,1371,604,1208,0.4406,0.8811
2020s,130,110,1115,427,854,0.3830,0.7659
2020s,150,110,663,271,542,0.4087,0.8175
2020s,170,110,310,118,236,0.3806,0.7613
2020s,190,110,201,68,136,0.3383,0.6766
2020s,210,110,997,364,1071,0.3651,1.0742
2020s,230,110,3570,1343,4029,0.3762,1.1286
2020s,250,110,57,15,45,0.2632,0.7895
2020s,-250,130,9,5,15,0.5556,1.6667
2020s,-230,130,2494,926,2778,0.3713,1.1139
2020s,-210,130,4814,1809,5427,0.3758,1.1273
2020s,-190,130,242,84,213,0.3471,0.8802
2020s,-170,130,336,135,270,0.4018,0.8036
2020s,-150,130,602,244,488,0.4053,0.8106
2020s,-130,130,1109,449,898,0.4049,0.8097
2020s,-110,130,1489,593,1186,0.3983,0.7965
2020s,-90,130,1607,687,1374,0.4275,0.8550
2020s,-70,130,2197,976,1952,0.4442,0.8885
2020s,-50,130,2227,943,1886,0.4234,0.8469
2020s,-30,130,2188,1023,2046,0.4676,0.9351
2020s,-10,130,3591,1566,3132,0.4361,0.8722
2020s,10,130,3879,1781,3562,0.4591,0.9183
2020s,30,130,2234,998,1996,0.4467,0.8935
2020s,50,130,2396,1073,2146,0.4478,0.8957
2020s,70,130,2500,1127,2254,0.4508,0.9016
2020s,90,130,1863,813,1626,0.4364,0.8728
2020s,110,130,1752,722,1444,0.4121,0.8242
2020s,130,130,1301,534,1068,0.4105,0.8209
2020s,150,130,731,291,582,0.3981,0.7962
2020s,170,130,284,97,194,0.3415,0.6831
2020s,190,130,156,62,146,0.3974,0.9359
2020s,210,130,4414,1600,4800,0.3625,1.0874
2020s,230,130,2247,800,2400,0.3560,1.0681
2020s,250,130,19,7,21,0.3684,1.1053
2020s,-250,150,5,4,12,0.8000,2.4000
2020s,-230,150,710,231,693,0.3254,0.9761
2020s,-210,150,6226,2256,6768,0.3624,1.0871
2020s,-190,150,3257,1210,3625,0.3715,1.1130
2020s,-170,150,259,100,213,0.3861,0.8224
2020s,-150,150,508,188,376,0.3701,0.7402
2020s,-130,150,1008,410,820,0.4067,0.8135
2020s,-110,150,1558,648,1296,0.4159,0.8318
2020s,-90,150,2088,876,1752,0.4195,0.8391
2020s,-70,150,1825,771,1542,0.4225,0.8449
2020s,-50,150,1470,619,1238,0.4211,0.8422
2020s,-30,150,1773,785,1570,0.4428,0.8855
2020s,-10,150,2945,1310,2620,0.4448,0.8896
2020s,10,150,3245,1479,2958,0.4558,0.9116
2020s,30,150,1822,811,1622,0.4451,0.8902
2020s,50,150,1532,679,1358,0.4432,0.8864
2020s,70,150,1853,780,1560,0.4209,0.8419
2020s,90,150,2251,945,1890,0.4198,0.8396
2020s,110,150,1841,773,1546,0.4199,0.8398
2020s,130,150,1109,443,886,0.3995,0.7989
2020s,150,150,433,157,314,0.3626,0.7252
2020s,170,150,174,70,141,0.4023,0.8103
2020s,190,150,2264,852,2553,0.3763,1.1277
2020s,210,150,5700,2106,6318,0.3695,1.1084
2020s,230,150,637,246,738,0.3862,1.1586
2020s,250,150,8,2,6,0.2500,0.7500
2020s,-250,170,2,1,3,0.5000,1.5000
2020s,-230,170,134,56,168,0.4179,1.2537
2020s,-210,170,3086,1104,3312,0.3577,1.0732
2020s,-190,170,8868,3241,9723,0.3655,1.0964
2020s,-170,170,2807,987,2950,0.3516,1.0509
2020s,-150,170,306,115,237,0.3758,0.7745
2020s,-130,170,587,218,436,0.3714,0.7428
2020s,-110,170,1028,422,844,0.4105,0.8210
2020s,-90,170,1444,625,1250,0.4328,0.8657
2020s,-70,170,1258,513,1026,0.4078,0.8156
2020s,-50,170,1322,525,1050,0.3971,0.7943
2020s,-30,170,1504,697,1394,0.4634,0.9269
2020s,-10,170,2197,955,1910,0.4347,0.8694
2020s,10,170,2375,1052,2104,0.4429,0.8859
2020s,30,170,1444,606,1212,0.4197,0.8393
2020s,50,170,1353,614,1228,0.4538,0.9076
2020s,70,170,1382,533,1066,0.3857,0.7713
2020s,90,170,1603,642,1284,0.4005,0.8010
2020s,110,170,1198,469,938,0.3915,0.7830
2020s,130,170,527,204,408,0.3871,0.7742
2020s,150,170,242,84,170,0.3471,0.7025
2020s,170,170,1853,649,1937,0.3502,1.0453
2020s,190,170,7485,2760,8280,0.3687,1.1062
2020s,210,170,2596,920,2760,0.3544,1.0632
2020s,230,170,148,51,153,0.3446,1.0338
2020s,250,170,2,0,0,0.0000,0.0000
2020s,-250,190,0,0,0,,
2020s,-230,190,73,27,81,0.3699,1.1096
2020s,-210,190,1017,365,1095,0.3589,1.0767
2020s,-190,190,5940,2138,6414,0.3599,1.0798
2020s,-170,190,11440,4070,12210,0.3558,1.0673
2020s,-150,190,3404,1220,3649,0.3584,1.0720
2020s,-130,190,335,127,286,0.3791,0.8537
2020s,-110,190,484,194,388,0.4008,0.8017
2020s,-90,190,815,286,572,0.3509,0.7018
2020s,-70,190,785,290,580,0.3694,0.7389
2020s,-50,190,919,371,742,0.4037,0.8074
2020s,-30,190,1057,444,888,0.4201,0.8401
2020s,-10,190,1334,577,1154,0.4325,0.8651
2020s,10,190,1384,552,1104,0.3988,0.7977
2020s,30,190,1130,484,968,0.4283,0.8566
2020s,50,190,1051,428,856,0.4072,0.8145
2020s,70,190,868,349,698,0.4021,0.8041
2020s,90,190,718,299,598,0.4164,0.8329
2020s,110,190,458,162,324,0.3537,0.7074
2020s,130,190,285,108,227,0.3789,0.7965
2020s,150,190,2647,945,2822,0.3570,1.0661
2020s,170,190,9758,3557,10671,0.3645,1.0936
2020s,190,190,4931,1740,5220,0.3529,1.0586
2020s,210,190,830,299,897,0.3602,1.0807
2020s,230,190,52,16,48,0.3077,0.9231
2020s,250,190,0,0,0,,
2020s,-250,210,0,0,0,,
2020s,-230,210,23,6,18,0.2609,0.7826
2020s,-210,210,323,114,342,0.3529,1.0588
2020s,-190,210,1847,664,1992,0.3595,1.0785
2020s,-170,210,7815,2737,8211,0.3502,1.0507
2020s,-150,210,12102,4314,12942,0.3565,1.0694
2020s,-130,210,6315,2349,7047,0.3720,1.1159
2020s,-110,210,1041,366,1059,0.3516,1.0173
2020s,-90,210,297,99,203,0.3333,0.6835
2020s,-70,210,388,144,288,0.3711,0.7423
2020s,-50,210,424,169,338,0.3986,0.7972
2020s,-30,210,525,196,392,0.3733,0.7467
2020s,-10,210,787,307,614,0.3901,0.7802
2020s,10,210,805,327,654,0.4062,0.8124
2020s,30,210,529,202,404,0.3819,0.7637
2020s,50,210,464,178,356,0.3836,0.7672
2020s,70,210,378,136,272,0.3598,0.7196
2020s,90,210,265,99,199,0.3736,0.7509
2020s,110,210,601,200,562,0.3328,0.9351
2020s,130,210,5486,1978,5933,0.3606,1.0815
2020s,150,210,12390,4478,13434,0.3614,1.0843
2020s,170,210,6455,2259,6777,0.3500,1.0499
2020s,190,210,1562,580,1740,0.3713,1.1140
2020s,210,210,260,84,252,0.3231,0.9692
2020s,230,210,12,7,21,0.5833,1.7500
2020s,250,210,0,0,0,,
2020s,-250,230,0,0,0,,
2020s,-230,230,7,0,0,0.0000,0.0000
2020s,-210,230,128,46,138,0.3594,1.0781
2020s,-190,230,659,231,693,0.3505,1.0516
2020s,-170,230,2528,822,2466,0.3252,0.9755
2020s,-150,230,6429,2254,6762,0.3506,1.0518
2020s,-130,230,10525,3780,11340,0.3591,1.0774
2020s,-110,230,9589,3445,10335,0.3593,1.0778
2020s,-90,230,5069,1845,5535,0.3640,1.0919
2020s,-70,230,1334,483,1430,0.3621,1.0720
2020s,-50,230,347,118,323,0.3401,0.9308
2020s,-30,230,225,77,165,0.3422,0.7333
2020s,-10,230,319,109,219,0.3417,0.6865
2020s,10,230,310,111,225,0.3581,0.7258
2020s,30,230,210,80,168,0.3810,0.8000
2020s,50,230,269,93,235,0.3457,0.8736
2020s,70,230,1091,407,1210,0.3731,1.1091
2020s,90,230,4829,1752,5252,0.3628,1.0876
2020s,110,230,10506,3755,11265,0.3574,1.0722
2020s,130,230,11318,3942,11826,0.3483,1.0449
2020s,150,230,6124,2135,6405,0.3486,1.0459
2020s,170,230,1899,648,1944,0.3412,1.0237
2020s,190,230,533,185,555,0.3471,1.0413
2020s,210,230,105,38,114,0.3619,1.0857
2020s,230,230,6,1,3,0.1667,0.5000
2020s,250,230,0,0,0,,
2020s,-250,250,0,0,0,,
2020s,-230,250,6,1,3,0.1667,0.5000
2020s,-210,250,36,16,48,0.4444,1.3333
2020s,-190,250,216,63,189,0.2917,0.8750
2020s,-170,250,675,197,591,0.2919,0.8756
2020s,-150,250,1584,536,1608,0.3384,1.0152
2020s,-130,250,3109,1137,3411,0.3657,1.0971
2020s,-110,250,5434,1861,5583,0.3425,1.0274
2020s,-90,250,7515,2581,7743,0.3434,1.0303
2020s,-70,250,7060,2509,7527,0.3554,1.0661
2020s,-50,250,6163,2255,6765,0.3659,1.0977
2020s,-30,250,5776,2027,6081,0.3509,1.0528
2020s,-10,250,6940,2440,7320,0.3516,1.0548
2020s,10,250,6928,2469,7407,0.3564,1.0691
2020s,30,250,5626,2032,6096,0.3612,1.0835
2020s,50,250,6231,2310,6930,0.3707,1.1122
2020s,70,250,7565,2666,7998,0.3524,1.0572
2020s,90,250,8229,2884,8652,0.3505,1.0514
2020s,110,250,5620,2031,6093,0.3614,1.0842
2020s,130,250,3064,1068,3204,0.3486,1.0457
2020s,150,250,1499,489,1467,0.3262,0.9787
2020s,170,250,549,184,552,0.3352,1.0055
2020s,190,250,164,52,156,0.3171,0.9512
2020s,210,250,49,18,54,0.3673,1.1020
2020s,230,250,4,0,0,0.0000,0.0000
2020s,250,250,0,0,0,,
2020s,-250,270,0,0,0,,
2020s,-230,270,2,0,0,0.0000,0.0000
2020s,-210,270,25,3,9,0.1200,0.3600
2020s,-190,270,97,24,72,0.2474,0.7423
2020s,-170,270,226,78,234,0.3451,1.0354
2020s,-150,270,490,163,489,0.3327,0.9980
2020s,-130,270,782,249,747,0.3184,0.9552
2020s,-110,270,1198,417,1251,0.3481,1.0442
2020s,-90,270,1919,680,2040,0.3544,1.0631
2020s,-70,270,2359,786,2358,0.3332,0.9996
2020s,-50,270,3111,1052,3156,0.3382,1.0145
2020s,-30,270,4616,1590,4770,0.3445,1.0334
2020s,-10,270,6466,2280,6840,0.3526,1.0578
2020s,10,270,6178,2149,6447,0.3478,1.0435
2020s,30,270,4139,1431,4293,0.3457,1.0372
2020s,50,270,3090,1057,3171,0.3421,1.0262
2020s,70,270,2375,792,2376,0.3335,1.0004
2020s,90,270,1771,611,1833,0.3450,1.0350
2020s,110,270,1246,398,1194,0.3194,0.9583
2020s,130,270,679,223,669,0.3284,0.9853
2020s,150,270,461,142,426,0.3080,0.9241
2020s,170,270,235,62,186,0.2638,0.7915
2020s,190,270,99,24,72,0.2424,0.7273
2020s,210,270,22,7,21,0.3182,0.9545
2020s,230,270,4,1,3,0.2500,0.7500
2020s,250,270,0,0,0,,
2020s,-250,290,0,0,0,,
2020s,-230,290,0,0,0,,
2020s,-210,290,19,2,6,0.1053,0.3158
2020s,-190,290,46,10,30,0.2174,0.6522
2020s,-170,290,81,15,45,0.1852,0.5556
2020s,-150,290,153,45,135,0.2941,0.8824
2020s,-130,290,219,57,171,0.2603,0.7808
2020s,-110,290,299,114,342,0.3813,1.1438
2020s,-90,290,405,141,423,0.3481,1.0444
2020s,-70,290,416,131,393,0.3149,0.9447
2020s,-50,290,529,169,507,0.3195,0.9584
2020s,-30,290,844,254,762,0.3009,0.9028
2020s,-10,290,1236,401,1203,0.3244,0.9733
2020s,10,290,1167,408,1224,0.3496,1.0488
2020s,30,290,672,218,654,0.3244,0.9732
2020s,50,290,495,159,477,0.3212,0.9636
2020s,70,290,424,136,408,0.3208,0.9623
2020s,90,290,358,115,345,0.3212,0.9637
2020s,110,290,260,81,243,0.3115,0.9346
2020s,130,290,189,53,159,0.2804,0.8413
2020s,150,290,142,43,129,0.3028,0.9085
2020s,170,290,97,28,84,0.2887,0.8660
2020s,190,290,27,7,21,0.2593,0.7778
2020s,210,290,14,3,9,0.2143,0.6429
2020s,230,290,3,0,0,0.0000,0.0000
2020s,250,290,1,1,3,1.0000,3.0000
2020s,-250,310,0,0,0,,
2020s,-230,310,1,0,0,0.0000,0.0000
2020s,-210,310,8,1,3,0.1250,0.3750
2020s,-190,310,30,4,12,0.1333,0.4000
2020s,-170,310,37,9,27,0.2432,0.7297
2020s,-150,310,68,21,63,0.3088,0.9265
2020s,-130,310,79,24,72,0.3038,0.9114
2020s,-110,310,67,15,45,0.2239,0.6716
2020s,-90,310,83,29,87,0.3494,1.0482
2020s,-70,310,98,30,90,0.3061,0.9184
2020s,-50,310,135,39,117,0.2889,0.8667
2020s,-30,310,172,47,141,0.2733,0.8198
2020s,-10,310,364,110,330,0.3022,0.9066
2020s,10,310,309,85,255,0.2751,0.8252
2020s,30,310,155,40,120,0.2581,0.7742
2020s,50,310,109,37,111,0.3394,1.0183
2020s,70,310,120,37,111,0.3083,0.9250
2020s,90,310,98,31,93,0.3163,0.9490
2020s,110,310,77,23,69,0.2987,0.8961
2020s,130,310,69,21,63,0.3043,0.9130
2020s,150,310,62,13,39,0.2097,0.6290
2020s,170,310,46,7,21,0.1522,0.4565
2020s,190,310,29,5,15,0.1724,0.5172
2020s,210,310,8,0,0,0.0000,0.0000
2020s,230,310,1,0,0,0.0000,0.0000
2020s,250,310,0,0,0,,
2020s,-250,330,0,0,0,,
2020s,-230,330,1,0,0,0.0000,0.0000
2020s,-210,330,11,1,3,0.0909,0.2727
2020s,-190,330,18,5,15,0.2778,0.8333
2020s,-170,330,27,6,18,0.2222,0.6667
2020s,-150,330,27,7,21,0.2593,0.7778
2020s,-130,330,28,4,12,0.1429,0.4286
2020s,-110,330,30,5,15,0.1667,0.5000
2020s,-90,330,38,14,42,0.3684,1.1053
2020s,-70,330,37,11,33,0.2973,0.8919
2020s,-50,330,43,15,45,0.3488,1.0465
2020s,-30,330,44,8,24,0.1818,0.5455
2020s,-10,330,104,29,87,0.2788,0.8365
2020s,10,330,113,27,81,0.2389,0.7168
2020s,30,330,45,6,18,0.1333,0.4000
2020s,50,330,37,10,30,0.2703,0.8108
2020s,70,330,31,4,12,0.1290,0.3871
2020s,90,330,36,9,27,0.2500,0.7500
2020s,110,330,31,5,15,0.1613,0.4839
2020s,130,330,21,1,3,0.0476,0.1429
2020s,150,330,19,4,12,0.2105,0.6316
2020s,170,330,27,7,21,0.2593,0.7778
2020s,190,330,20,4,12,0.2000,0.6000
2020s,210,330,8,2,6,0.2500,0.7500
2020s,230,330,1,0,0,0.0000,0.0000
2020s,250,330,0,0,0,,
2020s,-250,350,0,0,0,,
2020s,-230,350,0,0,0,,
2020s,-210,350,11,0,0,0.0000,0.0000
2020s,-190,350,11,0,0,0.0000,0.0000
2020s,-170,350,18,1,3,0.0556,0.1667
2020s,-150,350,13,1,3,0.0769,0.2308
2020s,-130,350,12,1,3,0.0833,0.2500
2020s,-110,350,14,6,18,0.4286,1.2857
2020s,-90,350,22,7,21,0.3182,0.9545
2020s,-70,350,14,2,6,0.1429,0.4286
2020s,-50,350,12,3,9,0.2500,0.7500
2020s,-30,350,29,6,18,0.2069,0.6207
2020s,-10,350,62,17,51,0.2742,0.8226
2020s,10,350,60,12,36,0.2000,0.6000
2020s,30,350,23,6,18,0.2609,0.7826
2020s,50,350,20,6,18,0.3000,0.9000
2020s,70,350,13,2,6,0.1538,0.4615
2020s,90,350,16,1,3,0.0625,0.1875
2020s,110,350,14,1,3,0.0714,0.2143
2020s,130,350,18,1,3,0.0556,0.1667
2020s,150,350,13,3,9,0.2308,0.6923
2020s,170,350,15,1,3,0.0667,0.2000
2020s,190,350,21,3,9,0.1429,0.4286
2020s,210,350,6,0,0,0.0000,0.0000
2020s,230,350,2,0,0,0.0000,0.0000
2020s,250,350,0,0,0,,
2020s,-250,370,0,0,0,,
2020s,-230,370,1,0,0,0.0000,0.0000
2020s,-210,370,9,1,3,0.1111,0.3333
2020s,-190,370,18,2,6,0.1111,0.3333
2020s,-170,370,14,1,3,0.0714,0.2143
2020s,-150,370,21,3,9,0.1429,0.4286
2020s,-130,370,16,2,6,0.1250,0.3750
2020s,-110,370,11,1,3,0.0909,0.2727
2020s,-90,370,8,1,3,0.1250,0.3750
2020s,-70,370,9,3,9,0.3333,1.0000
2020s,-50,370,16,2,6,0.1250,0.3750
2020s,-30,370,11,2,6,0.1818,0.5455
2020s,-10,370,39,6,18,0.1538,0.4615
2020s,10,370,46,10,30,0.2174,0.6522
2020s,30,370,14,2,6,0.1429,0.4286
2020s,50,370,5,1,3,0.2000,0.6000
2020s,70,370,17,1,3,0.0588,0.1765
2020s,90,370,15,0,0,0.0000,0.0000
2020s,110,370,14,2,6,0.1429,0.4286
2020s,130,370,13,1,3,0.0769,0.2308
2020s,150,370,16,2,6,0.1250,0.3750
2020s,170,370,17,2,6,0.1176,0.3529
2020s,190,370,20,1,3,0.0500,0.1500
2020s,210,370,10,0,0,0.0000,0.0000
2020s,230,370,2,0,0,0.0000,0.0000
2020s,250,370,0,0,0,,
2020s,-250,390,0,0,0,,
2020s,-230,390,0,0,0,,
2020s,-210,390,8,1,3,0.1250,0.3750
2020s,-190,390,16,2,6,0.1250,0.3750
2020s,-170,390,15,2,6,0.1333,0.4000
2020s,-150,390,14,0,0,0.0000,0.0000
2020s,-130,390,12,0,0,0.0000,0.0000
2020s,-110,390,5,1,3,0.2000,0.6000
2020s,-90,390,7,0,0,0.0000,0.0000
2020s,-70,390,4,0,0,0.0000,0.0000
2020s,-50,390,5,0,0,0.0000,0.0000
2020s,-30,390,7,0,0,0.0000,0.0000
2020s,-10,390,24,1,3,0.0417,0.1250
2020s,10,390,30,2,6,0.0667,0.2000
2020s,30,390,16,0,0,0.0000,0.0000
2020s,50,390,4,0,0,0.0000,0.0000
2020s,70,390,6,1,3,0.1667,0.5000
2020s,90,390,8,4,12,0.5000,1.5000
2020s,110,390,7,1,3,0.1429,0.4286
2020s,130,390,11,0,0,0.0000,0.0000
2020s,150,390,13,1,3,0.0769,0.2308
2020s,170,390,8,0,0,0.0000,0.0000
2020s,190,390,17,1,3,0.0588,0.1765
2020s,210,390,8,0,0,0.0000,0.0000
2020s,230,390,1,0,0,0.0000,0.0000
2020s,250,390,0,0,0,,
2020s,-250,410,0,0,0,,
2020s,-230,410,0,0,0,,
2020s,-210,410,4,1,3,0.2500,0.7500
2020s,-190,410,10,3,9,0.3000,0.9000
2020s,-170,410,8,1,3,0.1250,0.3750
2020s,-150,410,10,0,0,0.0000,0.0000
2020s,-130,410,4,0,0,0.0000,0.0000
2020s,-110,410,8,0,0,0.0000,0.0000
2020s,-90,410,5,0,0,0.0000,0.0000
2020s,-70,410,3,0,0,0.0000,0.0000
2020s,-50,410,2,0,0,0.0000,0.0000
2020s,-30,410,13,2,6,0.1538,0.4615
2020s,-10,410,37,6,18,0.1622,0.4865
2020s,10,410,34,1,3,0.0294,0.0882
2020s,30,410,12,2,6,0.1667,0.5000
2020s,50,410,6,0,0,0.0000,0.0000
2020s,70,410,3,0,0,0.0000,0.0000
2020s,90,410,5,0,0,0.0000,0.0000
2020s,110,410,6,1,3,0.1667,0.5000
2020s,130,410,8,0,0,0.0000,0.0000
2020s,150,410,3,0,0,0.0000,0.0000
2020s,170,410,12,2,6,0.1667,0.5000
2020s,190,410,7,0,0,0.0000,0.0000
2020s,210,410,7,0,0,0.0000,0.0000
2020s,230,410,2,0,0,0.0000,0.0000
2020s,250,410,0,0,0,,
